# TwinScope v2 heatsink housing -- procedurally generated (generator not shipped).
# finned comb-prism: 12 fins, watertight 2-manifold, charted UVs (256^2, >=4-texel gutters).
v -1.875000 0.000000 -1.000000
v -1.875000 0.000000 -0.666667
v -1.875000 0.000000 -0.333333
v -1.875000 0.000000 0.000000
v -1.875000 0.000000 0.333333
v -1.875000 0.000000 0.666667
v -1.875000 0.000000 1.000000
v -1.800000 0.000000 -1.000000
v -1.800000 0.000000 -0.666667
v -1.800000 0.000000 -0.333333
v -1.800000 0.000000 0.000000
v -1.800000 0.000000 0.333333
v -1.800000 0.000000 0.666667
v -1.800000 0.000000 1.000000
v -1.725000 0.000000 -1.000000
v -1.725000 0.000000 -0.666667
v -1.725000 0.000000 -0.333333
v -1.725000 0.000000 0.000000
v -1.725000 0.000000 0.333333
v -1.725000 0.000000 0.666667
v -1.725000 0.000000 1.000000
v -1.650000 0.000000 -1.000000
v -1.650000 0.000000 -0.666667
v -1.650000 0.000000 -0.333333
v -1.650000 0.000000 0.000000
v -1.650000 0.000000 0.333333
v -1.650000 0.000000 0.666667
v -1.650000 0.000000 1.000000
v -1.575000 0.000000 -1.000000
v -1.575000 0.000000 -0.666667
v -1.575000 0.000000 -0.333333
v -1.575000 0.000000 0.000000
v -1.575000 0.000000 0.333333
v -1.575000 0.000000 0.666667
v -1.575000 0.000000 1.000000
v -1.500000 0.000000 -1.000000
v -1.500000 0.000000 -0.666667
v -1.500000 0.000000 -0.333333
v -1.500000 0.000000 0.000000
v -1.500000 0.000000 0.333333
v -1.500000 0.000000 0.666667
v -1.500000 0.000000 1.000000
v -1.425000 0.000000 -1.000000
v -1.425000 0.000000 -0.666667
v -1.425000 0.000000 -0.333333
v -1.425000 0.000000 0.000000
v -1.425000 0.000000 0.333333
v -1.425000 0.000000 0.666667
v -1.425000 0.000000 1.000000
v -1.350000 0.000000 -1.000000
v -1.350000 0.000000 -0.666667
v -1.350000 0.000000 -0.333333
v -1.350000 0.000000 0.000000
v -1.350000 0.000000 0.333333
v -1.350000 0.000000 0.666667
v -1.350000 0.000000 1.000000
v -1.275000 0.000000 -1.000000
v -1.275000 0.000000 -0.666667
v -1.275000 0.000000 -0.333333
v -1.275000 0.000000 0.000000
v -1.275000 0.000000 0.333333
v -1.275000 0.000000 0.666667
v -1.275000 0.000000 1.000000
v -1.200000 0.000000 -1.000000
v -1.200000 0.000000 -0.666667
v -1.200000 0.000000 -0.333333
v -1.200000 0.000000 0.000000
v -1.200000 0.000000 0.333333
v -1.200000 0.000000 0.666667
v -1.200000 0.000000 1.000000
v -1.125000 0.000000 -1.000000
v -1.125000 0.000000 -0.666667
v -1.125000 0.000000 -0.333333
v -1.125000 0.000000 0.000000
v -1.125000 0.000000 0.333333
v -1.125000 0.000000 0.666667
v -1.125000 0.000000 1.000000
v -1.050000 0.000000 -1.000000
v -1.050000 0.000000 -0.666667
v -1.050000 0.000000 -0.333333
v -1.050000 0.000000 0.000000
v -1.050000 0.000000 0.333333
v -1.050000 0.000000 0.666667
v -1.050000 0.000000 1.000000
v -0.975000 0.000000 -1.000000
v -0.975000 0.000000 -0.666667
v -0.975000 0.000000 -0.333333
v -0.975000 0.000000 0.000000
v -0.975000 0.000000 0.333333
v -0.975000 0.000000 0.666667
v -0.975000 0.000000 1.000000
v -0.900000 0.000000 -1.000000
v -0.900000 0.000000 -0.666667
v -0.900000 0.000000 -0.333333
v -0.900000 0.000000 0.000000
v -0.900000 0.000000 0.333333
v -0.900000 0.000000 0.666667
v -0.900000 0.000000 1.000000
v -0.825000 0.000000 -1.000000
v -0.825000 0.000000 -0.666667
v -0.825000 0.000000 -0.333333
v -0.825000 0.000000 0.000000
v -0.825000 0.000000 0.333333
v -0.825000 0.000000 0.666667
v -0.825000 0.000000 1.000000
v -0.750000 0.000000 -1.000000
v -0.750000 0.000000 -0.666667
v -0.750000 0.000000 -0.333333
v -0.750000 0.000000 0.000000
v -0.750000 0.000000 0.333333
v -0.750000 0.000000 0.666667
v -0.750000 0.000000 1.000000
v -0.675000 0.000000 -1.000000
v -0.675000 0.000000 -0.666667
v -0.675000 0.000000 -0.333333
v -0.675000 0.000000 0.000000
v -0.675000 0.000000 0.333333
v -0.675000 0.000000 0.666667
v -0.675000 0.000000 1.000000
v -0.600000 0.000000 -1.000000
v -0.600000 0.000000 -0.666667
v -0.600000 0.000000 -0.333333
v -0.600000 0.000000 0.000000
v -0.600000 0.000000 0.333333
v -0.600000 0.000000 0.666667
v -0.600000 0.000000 1.000000
v -0.525000 0.000000 -1.000000
v -0.525000 0.000000 -0.666667
v -0.525000 0.000000 -0.333333
v -0.525000 0.000000 0.000000
v -0.525000 0.000000 0.333333
v -0.525000 0.000000 0.666667
v -0.525000 0.000000 1.000000
v -0.450000 0.000000 -1.000000
v -0.450000 0.000000 -0.666667
v -0.450000 0.000000 -0.333333
v -0.450000 0.000000 0.000000
v -0.450000 0.000000 0.333333
v -0.450000 0.000000 0.666667
v -0.450000 0.000000 1.000000
v -0.375000 0.000000 -1.000000
v -0.375000 0.000000 -0.666667
v -0.375000 0.000000 -0.333333
v -0.375000 0.000000 0.000000
v -0.375000 0.000000 0.333333
v -0.375000 0.000000 0.666667
v -0.375000 0.000000 1.000000
v -0.300000 0.000000 -1.000000
v -0.300000 0.000000 -0.666667
v -0.300000 0.000000 -0.333333
v -0.300000 0.000000 0.000000
v -0.300000 0.000000 0.333333
v -0.300000 0.000000 0.666667
v -0.300000 0.000000 1.000000
v -0.225000 0.000000 -1.000000
v -0.225000 0.000000 -0.666667
v -0.225000 0.000000 -0.333333
v -0.225000 0.000000 0.000000
v -0.225000 0.000000 0.333333
v -0.225000 0.000000 0.666667
v -0.225000 0.000000 1.000000
v -0.150000 0.000000 -1.000000
v -0.150000 0.000000 -0.666667
v -0.150000 0.000000 -0.333333
v -0.150000 0.000000 0.000000
v -0.150000 0.000000 0.333333
v -0.150000 0.000000 0.666667
v -0.150000 0.000000 1.000000
v -0.075000 0.000000 -1.000000
v -0.075000 0.000000 -0.666667
v -0.075000 0.000000 -0.333333
v -0.075000 0.000000 0.000000
v -0.075000 0.000000 0.333333
v -0.075000 0.000000 0.666667
v -0.075000 0.000000 1.000000
v 0.000000 0.000000 -1.000000
v 0.000000 0.000000 -0.666667
v 0.000000 0.000000 -0.333333
v 0.000000 0.000000 0.000000
v 0.000000 0.000000 0.333333
v 0.000000 0.000000 0.666667
v 0.000000 0.000000 1.000000
v 0.075000 0.000000 -1.000000
v 0.075000 0.000000 -0.666667
v 0.075000 0.000000 -0.333333
v 0.075000 0.000000 0.000000
v 0.075000 0.000000 0.333333
v 0.075000 0.000000 0.666667
v 0.075000 0.000000 1.000000
v 0.150000 0.000000 -1.000000
v 0.150000 0.000000 -0.666667
v 0.150000 0.000000 -0.333333
v 0.150000 0.000000 0.000000
v 0.150000 0.000000 0.333333
v 0.150000 0.000000 0.666667
v 0.150000 0.000000 1.000000
v 0.225000 0.000000 -1.000000
v 0.225000 0.000000 -0.666667
v 0.225000 0.000000 -0.333333
v 0.225000 0.000000 0.000000
v 0.225000 0.000000 0.333333
v 0.225000 0.000000 0.666667
v 0.225000 0.000000 1.000000
v 0.300000 0.000000 -1.000000
v 0.300000 0.000000 -0.666667
v 0.300000 0.000000 -0.333333
v 0.300000 0.000000 0.000000
v 0.300000 0.000000 0.333333
v 0.300000 0.000000 0.666667
v 0.300000 0.000000 1.000000
v 0.375000 0.000000 -1.000000
v 0.375000 0.000000 -0.666667
v 0.375000 0.000000 -0.333333
v 0.375000 0.000000 0.000000
v 0.375000 0.000000 0.333333
v 0.375000 0.000000 0.666667
v 0.375000 0.000000 1.000000
v 0.450000 0.000000 -1.000000
v 0.450000 0.000000 -0.666667
v 0.450000 0.000000 -0.333333
v 0.450000 0.000000 0.000000
v 0.450000 0.000000 0.333333
v 0.450000 0.000000 0.666667
v 0.450000 0.000000 1.000000
v 0.525000 0.000000 -1.000000
v 0.525000 0.000000 -0.666667
v 0.525000 0.000000 -0.333333
v 0.525000 0.000000 0.000000
v 0.525000 0.000000 0.333333
v 0.525000 0.000000 0.666667
v 0.525000 0.000000 1.000000
v 0.600000 0.000000 -1.000000
v 0.600000 0.000000 -0.666667
v 0.600000 0.000000 -0.333333
v 0.600000 0.000000 0.000000
v 0.600000 0.000000 0.333333
v 0.600000 0.000000 0.666667
v 0.600000 0.000000 1.000000
v 0.675000 0.000000 -1.000000
v 0.675000 0.000000 -0.666667
v 0.675000 0.000000 -0.333333
v 0.675000 0.000000 0.000000
v 0.675000 0.000000 0.333333
v 0.675000 0.000000 0.666667
v 0.675000 0.000000 1.000000
v 0.750000 0.000000 -1.000000
v 0.750000 0.000000 -0.666667
v 0.750000 0.000000 -0.333333
v 0.750000 0.000000 0.000000
v 0.750000 0.000000 0.333333
v 0.750000 0.000000 0.666667
v 0.750000 0.000000 1.000000
v 0.825000 0.000000 -1.000000
v 0.825000 0.000000 -0.666667
v 0.825000 0.000000 -0.333333
v 0.825000 0.000000 0.000000
v 0.825000 0.000000 0.333333
v 0.825000 0.000000 0.666667
v 0.825000 0.000000 1.000000
v 0.900000 0.000000 -1.000000
v 0.900000 0.000000 -0.666667
v 0.900000 0.000000 -0.333333
v 0.900000 0.000000 0.000000
v 0.900000 0.000000 0.333333
v 0.900000 0.000000 0.666667
v 0.900000 0.000000 1.000000
v 0.975000 0.000000 -1.000000
v 0.975000 0.000000 -0.666667
v 0.975000 0.000000 -0.333333
v 0.975000 0.000000 0.000000
v 0.975000 0.000000 0.333333
v 0.975000 0.000000 0.666667
v 0.975000 0.000000 1.000000
v 1.050000 0.000000 -1.000000
v 1.050000 0.000000 -0.666667
v 1.050000 0.000000 -0.333333
v 1.050000 0.000000 0.000000
v 1.050000 0.000000 0.333333
v 1.050000 0.000000 0.666667
v 1.050000 0.000000 1.000000
v 1.125000 0.000000 -1.000000
v 1.125000 0.000000 -0.666667
v 1.125000 0.000000 -0.333333
v 1.125000 0.000000 0.000000
v 1.125000 0.000000 0.333333
v 1.125000 0.000000 0.666667
v 1.125000 0.000000 1.000000
v 1.200000 0.000000 -1.000000
v 1.200000 0.000000 -0.666667
v 1.200000 0.000000 -0.333333
v 1.200000 0.000000 0.000000
v 1.200000 0.000000 0.333333
v 1.200000 0.000000 0.666667
v 1.200000 0.000000 1.000000
v 1.275000 0.000000 -1.000000
v 1.275000 0.000000 -0.666667
v 1.275000 0.000000 -0.333333
v 1.275000 0.000000 0.000000
v 1.275000 0.000000 0.333333
v 1.275000 0.000000 0.666667
v 1.275000 0.000000 1.000000
v 1.350000 0.000000 -1.000000
v 1.350000 0.000000 -0.666667
v 1.350000 0.000000 -0.333333
v 1.350000 0.000000 0.000000
v 1.350000 0.000000 0.333333
v 1.350000 0.000000 0.666667
v 1.350000 0.000000 1.000000
v 1.425000 0.000000 -1.000000
v 1.425000 0.000000 -0.666667
v 1.425000 0.000000 -0.333333
v 1.425000 0.000000 0.000000
v 1.425000 0.000000 0.333333
v 1.425000 0.000000 0.666667
v 1.425000 0.000000 1.000000
v 1.500000 0.000000 -1.000000
v 1.500000 0.000000 -0.666667
v 1.500000 0.000000 -0.333333
v 1.500000 0.000000 0.000000
v 1.500000 0.000000 0.333333
v 1.500000 0.000000 0.666667
v 1.500000 0.000000 1.000000
v 1.575000 0.000000 -1.000000
v 1.575000 0.000000 -0.666667
v 1.575000 0.000000 -0.333333
v 1.575000 0.000000 0.000000
v 1.575000 0.000000 0.333333
v 1.575000 0.000000 0.666667
v 1.575000 0.000000 1.000000
v 1.650000 0.000000 -1.000000
v 1.650000 0.000000 -0.666667
v 1.650000 0.000000 -0.333333
v 1.650000 0.000000 0.000000
v 1.650000 0.000000 0.333333
v 1.650000 0.000000 0.666667
v 1.650000 0.000000 1.000000
v 1.725000 0.000000 -1.000000
v 1.725000 0.000000 -0.666667
v 1.725000 0.000000 -0.333333
v 1.725000 0.000000 0.000000
v 1.725000 0.000000 0.333333
v 1.725000 0.000000 0.666667
v 1.725000 0.000000 1.000000
v 1.800000 0.000000 -1.000000
v 1.800000 0.000000 -0.666667
v 1.800000 0.000000 -0.333333
v 1.800000 0.000000 0.000000
v 1.800000 0.000000 0.333333
v 1.800000 0.000000 0.666667
v 1.800000 0.000000 1.000000
v 1.875000 0.000000 -1.000000
v 1.875000 0.000000 -0.666667
v 1.875000 0.000000 -0.333333
v 1.875000 0.000000 0.000000
v 1.875000 0.000000 0.333333
v 1.875000 0.000000 0.666667
v 1.875000 0.000000 1.000000
v -1.875000 0.000000 -1.000000
v -1.875000 0.000000 -0.666667
v -1.875000 0.000000 -0.333333
v -1.875000 0.000000 0.000000
v -1.875000 0.000000 0.333333
v -1.875000 0.000000 0.666667
v -1.875000 0.000000 1.000000
v -1.875000 0.200000 -1.000000
v -1.875000 0.200000 -0.666667
v -1.875000 0.200000 -0.333333
v -1.875000 0.200000 0.000000
v -1.875000 0.200000 0.333333
v -1.875000 0.200000 0.666667
v -1.875000 0.200000 1.000000
v -1.875000 0.400000 -1.000000
v -1.875000 0.400000 -0.666667
v -1.875000 0.400000 -0.333333
v -1.875000 0.400000 0.000000
v -1.875000 0.400000 0.333333
v -1.875000 0.400000 0.666667
v -1.875000 0.400000 1.000000
v 1.875000 0.000000 -1.000000
v 1.875000 0.000000 -0.666667
v 1.875000 0.000000 -0.333333
v 1.875000 0.000000 0.000000
v 1.875000 0.000000 0.333333
v 1.875000 0.000000 0.666667
v 1.875000 0.000000 1.000000
v 1.875000 0.200000 -1.000000
v 1.875000 0.200000 -0.666667
v 1.875000 0.200000 -0.333333
v 1.875000 0.200000 0.000000
v 1.875000 0.200000 0.333333
v 1.875000 0.200000 0.666667
v 1.875000 0.200000 1.000000
v 1.875000 0.400000 -1.000000
v 1.875000 0.400000 -0.666667
v 1.875000 0.400000 -0.333333
v 1.875000 0.400000 0.000000
v 1.875000 0.400000 0.333333
v 1.875000 0.400000 0.666667
v 1.875000 0.400000 1.000000
v -1.875000 0.400000 -1.000000
v -1.875000 0.400000 -0.666667
v -1.875000 0.400000 -0.333333
v -1.875000 0.400000 0.000000
v -1.875000 0.400000 0.333333
v -1.875000 0.400000 0.666667
v -1.875000 0.400000 1.000000
v -1.800000 0.400000 -1.000000
v -1.800000 0.400000 -0.666667
v -1.800000 0.400000 -0.333333
v -1.800000 0.400000 0.000000
v -1.800000 0.400000 0.333333
v -1.800000 0.400000 0.666667
v -1.800000 0.400000 1.000000
v -1.725000 0.400000 -1.000000
v -1.725000 0.400000 -0.666667
v -1.725000 0.400000 -0.333333
v -1.725000 0.400000 0.000000
v -1.725000 0.400000 0.333333
v -1.725000 0.400000 0.666667
v -1.725000 0.400000 1.000000
v -1.575000 0.400000 -1.000000
v -1.575000 0.400000 -0.666667
v -1.575000 0.400000 -0.333333
v -1.575000 0.400000 0.000000
v -1.575000 0.400000 0.333333
v -1.575000 0.400000 0.666667
v -1.575000 0.400000 1.000000
v -1.500000 0.400000 -1.000000
v -1.500000 0.400000 -0.666667
v -1.500000 0.400000 -0.333333
v -1.500000 0.400000 0.000000
v -1.500000 0.400000 0.333333
v -1.500000 0.400000 0.666667
v -1.500000 0.400000 1.000000
v -1.425000 0.400000 -1.000000
v -1.425000 0.400000 -0.666667
v -1.425000 0.400000 -0.333333
v -1.425000 0.400000 0.000000
v -1.425000 0.400000 0.333333
v -1.425000 0.400000 0.666667
v -1.425000 0.400000 1.000000
v -1.275000 0.400000 -1.000000
v -1.275000 0.400000 -0.666667
v -1.275000 0.400000 -0.333333
v -1.275000 0.400000 0.000000
v -1.275000 0.400000 0.333333
v -1.275000 0.400000 0.666667
v -1.275000 0.400000 1.000000
v -1.200000 0.400000 -1.000000
v -1.200000 0.400000 -0.666667
v -1.200000 0.400000 -0.333333
v -1.200000 0.400000 0.000000
v -1.200000 0.400000 0.333333
v -1.200000 0.400000 0.666667
v -1.200000 0.400000 1.000000
v -1.125000 0.400000 -1.000000
v -1.125000 0.400000 -0.666667
v -1.125000 0.400000 -0.333333
v -1.125000 0.400000 0.000000
v -1.125000 0.400000 0.333333
v -1.125000 0.400000 0.666667
v -1.125000 0.400000 1.000000
v -0.975000 0.400000 -1.000000
v -0.975000 0.400000 -0.666667
v -0.975000 0.400000 -0.333333
v -0.975000 0.400000 0.000000
v -0.975000 0.400000 0.333333
v -0.975000 0.400000 0.666667
v -0.975000 0.400000 1.000000
v -0.900000 0.400000 -1.000000
v -0.900000 0.400000 -0.666667
v -0.900000 0.400000 -0.333333
v -0.900000 0.400000 0.000000
v -0.900000 0.400000 0.333333
v -0.900000 0.400000 0.666667
v -0.900000 0.400000 1.000000
v -0.825000 0.400000 -1.000000
v -0.825000 0.400000 -0.666667
v -0.825000 0.400000 -0.333333
v -0.825000 0.400000 0.000000
v -0.825000 0.400000 0.333333
v -0.825000 0.400000 0.666667
v -0.825000 0.400000 1.000000
v -0.675000 0.400000 -1.000000
v -0.675000 0.400000 -0.666667
v -0.675000 0.400000 -0.333333
v -0.675000 0.400000 0.000000
v -0.675000 0.400000 0.333333
v -0.675000 0.400000 0.666667
v -0.675000 0.400000 1.000000
v -0.600000 0.400000 -1.000000
v -0.600000 0.400000 -0.666667
v -0.600000 0.400000 -0.333333
v -0.600000 0.400000 0.000000
v -0.600000 0.400000 0.333333
v -0.600000 0.400000 0.666667
v -0.600000 0.400000 1.000000
v -0.525000 0.400000 -1.000000
v -0.525000 0.400000 -0.666667
v -0.525000 0.400000 -0.333333
v -0.525000 0.400000 0.000000
v -0.525000 0.400000 0.333333
v -0.525000 0.400000 0.666667
v -0.525000 0.400000 1.000000
v -0.375000 0.400000 -1.000000
v -0.375000 0.400000 -0.666667
v -0.375000 0.400000 -0.333333
v -0.375000 0.400000 0.000000
v -0.375000 0.400000 0.333333
v -0.375000 0.400000 0.666667
v -0.375000 0.400000 1.000000
v -0.300000 0.400000 -1.000000
v -0.300000 0.400000 -0.666667
v -0.300000 0.400000 -0.333333
v -0.300000 0.400000 0.000000
v -0.300000 0.400000 0.333333
v -0.300000 0.400000 0.666667
v -0.300000 0.400000 1.000000
v -0.225000 0.400000 -1.000000
v -0.225000 0.400000 -0.666667
v -0.225000 0.400000 -0.333333
v -0.225000 0.400000 0.000000
v -0.225000 0.400000 0.333333
v -0.225000 0.400000 0.666667
v -0.225000 0.400000 1.000000
v -0.075000 0.400000 -1.000000
v -0.075000 0.400000 -0.666667
v -0.075000 0.400000 -0.333333
v -0.075000 0.400000 0.000000
v -0.075000 0.400000 0.333333
v -0.075000 0.400000 0.666667
v -0.075000 0.400000 1.000000
v -0.000000 0.400000 -1.000000
v -0.000000 0.400000 -0.666667
v -0.000000 0.400000 -0.333333
v -0.000000 0.400000 0.000000
v -0.000000 0.400000 0.333333
v -0.000000 0.400000 0.666667
v -0.000000 0.400000 1.000000
v 0.075000 0.400000 -1.000000
v 0.075000 0.400000 -0.666667
v 0.075000 0.400000 -0.333333
v 0.075000 0.400000 0.000000
v 0.075000 0.400000 0.333333
v 0.075000 0.400000 0.666667
v 0.075000 0.400000 1.000000
v 0.225000 0.400000 -1.000000
v 0.225000 0.400000 -0.666667
v 0.225000 0.400000 -0.333333
v 0.225000 0.400000 0.000000
v 0.225000 0.400000 0.333333
v 0.225000 0.400000 0.666667
v 0.225000 0.400000 1.000000
v 0.300000 0.400000 -1.000000
v 0.300000 0.400000 -0.666667
v 0.300000 0.400000 -0.333333
v 0.300000 0.400000 0.000000
v 0.300000 0.400000 0.333333
v 0.300000 0.400000 0.666667
v 0.300000 0.400000 1.000000
v 0.375000 0.400000 -1.000000
v 0.375000 0.400000 -0.666667
v 0.375000 0.400000 -0.333333
v 0.375000 0.400000 0.000000
v 0.375000 0.400000 0.333333
v 0.375000 0.400000 0.666667
v 0.375000 0.400000 1.000000
v 0.525000 0.400000 -1.000000
v 0.525000 0.400000 -0.666667
v 0.525000 0.400000 -0.333333
v 0.525000 0.400000 0.000000
v 0.525000 0.400000 0.333333
v 0.525000 0.400000 0.666667
v 0.525000 0.400000 1.000000
v 0.600000 0.400000 -1.000000
v 0.600000 0.400000 -0.666667
v 0.600000 0.400000 -0.333333
v 0.600000 0.400000 0.000000
v 0.600000 0.400000 0.333333
v 0.600000 0.400000 0.666667
v 0.600000 0.400000 1.000000
v 0.675000 0.400000 -1.000000
v 0.675000 0.400000 -0.666667
v 0.675000 0.400000 -0.333333
v 0.675000 0.400000 0.000000
v 0.675000 0.400000 0.333333
v 0.675000 0.400000 0.666667
v 0.675000 0.400000 1.000000
v 0.825000 0.400000 -1.000000
v 0.825000 0.400000 -0.666667
v 0.825000 0.400000 -0.333333
v 0.825000 0.400000 0.000000
v 0.825000 0.400000 0.333333
v 0.825000 0.400000 0.666667
v 0.825000 0.400000 1.000000
v 0.900000 0.400000 -1.000000
v 0.900000 0.400000 -0.666667
v 0.900000 0.400000 -0.333333
v 0.900000 0.400000 0.000000
v 0.900000 0.400000 0.333333
v 0.900000 0.400000 0.666667
v 0.900000 0.400000 1.000000
v 0.975000 0.400000 -1.000000
v 0.975000 0.400000 -0.666667
v 0.975000 0.400000 -0.333333
v 0.975000 0.400000 0.000000
v 0.975000 0.400000 0.333333
v 0.975000 0.400000 0.666667
v 0.975000 0.400000 1.000000
v 1.125000 0.400000 -1.000000
v 1.125000 0.400000 -0.666667
v 1.125000 0.400000 -0.333333
v 1.125000 0.400000 0.000000
v 1.125000 0.400000 0.333333
v 1.125000 0.400000 0.666667
v 1.125000 0.400000 1.000000
v 1.200000 0.400000 -1.000000
v 1.200000 0.400000 -0.666667
v 1.200000 0.400000 -0.333333
v 1.200000 0.400000 0.000000
v 1.200000 0.400000 0.333333
v 1.200000 0.400000 0.666667
v 1.200000 0.400000 1.000000
v 1.275000 0.400000 -1.000000
v 1.275000 0.400000 -0.666667
v 1.275000 0.400000 -0.333333
v 1.275000 0.400000 0.000000
v 1.275000 0.400000 0.333333
v 1.275000 0.400000 0.666667
v 1.275000 0.400000 1.000000
v 1.425000 0.400000 -1.000000
v 1.425000 0.400000 -0.666667
v 1.425000 0.400000 -0.333333
v 1.425000 0.400000 0.000000
v 1.425000 0.400000 0.333333
v 1.425000 0.400000 0.666667
v 1.425000 0.400000 1.000000
v 1.500000 0.400000 -1.000000
v 1.500000 0.400000 -0.666667
v 1.500000 0.400000 -0.333333
v 1.500000 0.400000 0.000000
v 1.500000 0.400000 0.333333
v 1.500000 0.400000 0.666667
v 1.500000 0.400000 1.000000
v 1.575000 0.400000 -1.000000
v 1.575000 0.400000 -0.666667
v 1.575000 0.400000 -0.333333
v 1.575000 0.400000 0.000000
v 1.575000 0.400000 0.333333
v 1.575000 0.400000 0.666667
v 1.575000 0.400000 1.000000
v 1.725000 0.400000 -1.000000
v 1.725000 0.400000 -0.666667
v 1.725000 0.400000 -0.333333
v 1.725000 0.400000 0.000000
v 1.725000 0.400000 0.333333
v 1.725000 0.400000 0.666667
v 1.725000 0.400000 1.000000
v 1.800000 0.400000 -1.000000
v 1.800000 0.400000 -0.666667
v 1.800000 0.400000 -0.333333
v 1.800000 0.400000 0.000000
v 1.800000 0.400000 0.333333
v 1.800000 0.400000 0.666667
v 1.800000 0.400000 1.000000
v 1.875000 0.400000 -1.000000
v 1.875000 0.400000 -0.666667
v 1.875000 0.400000 -0.333333
v 1.875000 0.400000 0.000000
v 1.875000 0.400000 0.333333
v 1.875000 0.400000 0.666667
v 1.875000 0.400000 1.000000
v -1.725000 0.400000 -1.000000
v -1.725000 0.400000 -0.666667
v -1.725000 0.400000 -0.333333
v -1.725000 0.400000 0.000000
v -1.725000 0.400000 0.333333
v -1.725000 0.400000 0.666667
v -1.725000 0.400000 1.000000
v -1.725000 0.600000 -1.000000
v -1.725000 0.600000 -0.666667
v -1.725000 0.600000 -0.333333
v -1.725000 0.600000 0.000000
v -1.725000 0.600000 0.333333
v -1.725000 0.600000 0.666667
v -1.725000 0.600000 1.000000
v -1.725000 0.800000 -1.000000
v -1.725000 0.800000 -0.666667
v -1.725000 0.800000 -0.333333
v -1.725000 0.800000 0.000000
v -1.725000 0.800000 0.333333
v -1.725000 0.800000 0.666667
v -1.725000 0.800000 1.000000
v -1.725000 1.000000 -1.000000
v -1.725000 1.000000 -0.666667
v -1.725000 1.000000 -0.333333
v -1.725000 1.000000 0.000000
v -1.725000 1.000000 0.333333
v -1.725000 1.000000 0.666667
v -1.725000 1.000000 1.000000
v -1.725000 1.200000 -1.000000
v -1.725000 1.200000 -0.666667
v -1.725000 1.200000 -0.333333
v -1.725000 1.200000 0.000000
v -1.725000 1.200000 0.333333
v -1.725000 1.200000 0.666667
v -1.725000 1.200000 1.000000
v -1.725000 1.200000 -1.000000
v -1.725000 1.200000 -0.666667
v -1.725000 1.200000 -0.333333
v -1.725000 1.200000 0.000000
v -1.725000 1.200000 0.333333
v -1.725000 1.200000 0.666667
v -1.725000 1.200000 1.000000
v -1.650000 1.200000 -1.000000
v -1.650000 1.200000 -0.666667
v -1.650000 1.200000 -0.333333
v -1.650000 1.200000 0.000000
v -1.650000 1.200000 0.333333
v -1.650000 1.200000 0.666667
v -1.650000 1.200000 1.000000
v -1.575000 1.200000 -1.000000
v -1.575000 1.200000 -0.666667
v -1.575000 1.200000 -0.333333
v -1.575000 1.200000 0.000000
v -1.575000 1.200000 0.333333
v -1.575000 1.200000 0.666667
v -1.575000 1.200000 1.000000
v -1.575000 0.400000 -1.000000
v -1.575000 0.400000 -0.666667
v -1.575000 0.400000 -0.333333
v -1.575000 0.400000 0.000000
v -1.575000 0.400000 0.333333
v -1.575000 0.400000 0.666667
v -1.575000 0.400000 1.000000
v -1.575000 0.600000 -1.000000
v -1.575000 0.600000 -0.666667
v -1.575000 0.600000 -0.333333
v -1.575000 0.600000 0.000000
v -1.575000 0.600000 0.333333
v -1.575000 0.600000 0.666667
v -1.575000 0.600000 1.000000
v -1.575000 0.800000 -1.000000
v -1.575000 0.800000 -0.666667
v -1.575000 0.800000 -0.333333
v -1.575000 0.800000 0.000000
v -1.575000 0.800000 0.333333
v -1.575000 0.800000 0.666667
v -1.575000 0.800000 1.000000
v -1.575000 1.000000 -1.000000
v -1.575000 1.000000 -0.666667
v -1.575000 1.000000 -0.333333
v -1.575000 1.000000 0.000000
v -1.575000 1.000000 0.333333
v -1.575000 1.000000 0.666667
v -1.575000 1.000000 1.000000
v -1.575000 1.200000 -1.000000
v -1.575000 1.200000 -0.666667
v -1.575000 1.200000 -0.333333
v -1.575000 1.200000 0.000000
v -1.575000 1.200000 0.333333
v -1.575000 1.200000 0.666667
v -1.575000 1.200000 1.000000
v -1.425000 0.400000 -1.000000
v -1.425000 0.400000 -0.666667
v -1.425000 0.400000 -0.333333
v -1.425000 0.400000 0.000000
v -1.425000 0.400000 0.333333
v -1.425000 0.400000 0.666667
v -1.425000 0.400000 1.000000
v -1.425000 0.600000 -1.000000
v -1.425000 0.600000 -0.666667
v -1.425000 0.600000 -0.333333
v -1.425000 0.600000 0.000000
v -1.425000 0.600000 0.333333
v -1.425000 0.600000 0.666667
v -1.425000 0.600000 1.000000
v -1.425000 0.800000 -1.000000
v -1.425000 0.800000 -0.666667
v -1.425000 0.800000 -0.333333
v -1.425000 0.800000 0.000000
v -1.425000 0.800000 0.333333
v -1.425000 0.800000 0.666667
v -1.425000 0.800000 1.000000
v -1.425000 1.000000 -1.000000
v -1.425000 1.000000 -0.666667
v -1.425000 1.000000 -0.333333
v -1.425000 1.000000 0.000000
v -1.425000 1.000000 0.333333
v -1.425000 1.000000 0.666667
v -1.425000 1.000000 1.000000
v -1.425000 1.200000 -1.000000
v -1.425000 1.200000 -0.666667
v -1.425000 1.200000 -0.333333
v -1.425000 1.200000 0.000000
v -1.425000 1.200000 0.333333
v -1.425000 1.200000 0.666667
v -1.425000 1.200000 1.000000
v -1.425000 1.200000 -1.000000
v -1.425000 1.200000 -0.666667
v -1.425000 1.200000 -0.333333
v -1.425000 1.200000 0.000000
v -1.425000 1.200000 0.333333
v -1.425000 1.200000 0.666667
v -1.425000 1.200000 1.000000
v -1.350000 1.200000 -1.000000
v -1.350000 1.200000 -0.666667
v -1.350000 1.200000 -0.333333
v -1.350000 1.200000 0.000000
v -1.350000 1.200000 0.333333
v -1.350000 1.200000 0.666667
v -1.350000 1.200000 1.000000
v -1.275000 1.200000 -1.000000
v -1.275000 1.200000 -0.666667
v -1.275000 1.200000 -0.333333
v -1.275000 1.200000 0.000000
v -1.275000 1.200000 0.333333
v -1.275000 1.200000 0.666667
v -1.275000 1.200000 1.000000
v -1.275000 0.400000 -1.000000
v -1.275000 0.400000 -0.666667
v -1.275000 0.400000 -0.333333
v -1.275000 0.400000 0.000000
v -1.275000 0.400000 0.333333
v -1.275000 0.400000 0.666667
v -1.275000 0.400000 1.000000
v -1.275000 0.600000 -1.000000
v -1.275000 0.600000 -0.666667
v -1.275000 0.600000 -0.333333
v -1.275000 0.600000 0.000000
v -1.275000 0.600000 0.333333
v -1.275000 0.600000 0.666667
v -1.275000 0.600000 1.000000
v -1.275000 0.800000 -1.000000
v -1.275000 0.800000 -0.666667
v -1.275000 0.800000 -0.333333
v -1.275000 0.800000 0.000000
v -1.275000 0.800000 0.333333
v -1.275000 0.800000 0.666667
v -1.275000 0.800000 1.000000
v -1.275000 1.000000 -1.000000
v -1.275000 1.000000 -0.666667
v -1.275000 1.000000 -0.333333
v -1.275000 1.000000 0.000000
v -1.275000 1.000000 0.333333
v -1.275000 1.000000 0.666667
v -1.275000 1.000000 1.000000
v -1.275000 1.200000 -1.000000
v -1.275000 1.200000 -0.666667
v -1.275000 1.200000 -0.333333
v -1.275000 1.200000 0.000000
v -1.275000 1.200000 0.333333
v -1.275000 1.200000 0.666667
v -1.275000 1.200000 1.000000
v -1.125000 0.400000 -1.000000
v -1.125000 0.400000 -0.666667
v -1.125000 0.400000 -0.333333
v -1.125000 0.400000 0.000000
v -1.125000 0.400000 0.333333
v -1.125000 0.400000 0.666667
v -1.125000 0.400000 1.000000
v -1.125000 0.600000 -1.000000
v -1.125000 0.600000 -0.666667
v -1.125000 0.600000 -0.333333
v -1.125000 0.600000 0.000000
v -1.125000 0.600000 0.333333
v -1.125000 0.600000 0.666667
v -1.125000 0.600000 1.000000
v -1.125000 0.800000 -1.000000
v -1.125000 0.800000 -0.666667
v -1.125000 0.800000 -0.333333
v -1.125000 0.800000 0.000000
v -1.125000 0.800000 0.333333
v -1.125000 0.800000 0.666667
v -1.125000 0.800000 1.000000
v -1.125000 1.000000 -1.000000
v -1.125000 1.000000 -0.666667
v -1.125000 1.000000 -0.333333
v -1.125000 1.000000 0.000000
v -1.125000 1.000000 0.333333
v -1.125000 1.000000 0.666667
v -1.125000 1.000000 1.000000
v -1.125000 1.200000 -1.000000
v -1.125000 1.200000 -0.666667
v -1.125000 1.200000 -0.333333
v -1.125000 1.200000 0.000000
v -1.125000 1.200000 0.333333
v -1.125000 1.200000 0.666667
v -1.125000 1.200000 1.000000
v -1.125000 1.200000 -1.000000
v -1.125000 1.200000 -0.666667
v -1.125000 1.200000 -0.333333
v -1.125000 1.200000 0.000000
v -1.125000 1.200000 0.333333
v -1.125000 1.200000 0.666667
v -1.125000 1.200000 1.000000
v -1.050000 1.200000 -1.000000
v -1.050000 1.200000 -0.666667
v -1.050000 1.200000 -0.333333
v -1.050000 1.200000 0.000000
v -1.050000 1.200000 0.333333
v -1.050000 1.200000 0.666667
v -1.050000 1.200000 1.000000
v -0.975000 1.200000 -1.000000
v -0.975000 1.200000 -0.666667
v -0.975000 1.200000 -0.333333
v -0.975000 1.200000 0.000000
v -0.975000 1.200000 0.333333
v -0.975000 1.200000 0.666667
v -0.975000 1.200000 1.000000
v -0.975000 0.400000 -1.000000
v -0.975000 0.400000 -0.666667
v -0.975000 0.400000 -0.333333
v -0.975000 0.400000 0.000000
v -0.975000 0.400000 0.333333
v -0.975000 0.400000 0.666667
v -0.975000 0.400000 1.000000
v -0.975000 0.600000 -1.000000
v -0.975000 0.600000 -0.666667
v -0.975000 0.600000 -0.333333
v -0.975000 0.600000 0.000000
v -0.975000 0.600000 0.333333
v -0.975000 0.600000 0.666667
v -0.975000 0.600000 1.000000
v -0.975000 0.800000 -1.000000
v -0.975000 0.800000 -0.666667
v -0.975000 0.800000 -0.333333
v -0.975000 0.800000 0.000000
v -0.975000 0.800000 0.333333
v -0.975000 0.800000 0.666667
v -0.975000 0.800000 1.000000
v -0.975000 1.000000 -1.000000
v -0.975000 1.000000 -0.666667
v -0.975000 1.000000 -0.333333
v -0.975000 1.000000 0.000000
v -0.975000 1.000000 0.333333
v -0.975000 1.000000 0.666667
v -0.975000 1.000000 1.000000
v -0.975000 1.200000 -1.000000
v -0.975000 1.200000 -0.666667
v -0.975000 1.200000 -0.333333
v -0.975000 1.200000 0.000000
v -0.975000 1.200000 0.333333
v -0.975000 1.200000 0.666667
v -0.975000 1.200000 1.000000
v -0.825000 0.400000 -1.000000
v -0.825000 0.400000 -0.666667
v -0.825000 0.400000 -0.333333
v -0.825000 0.400000 0.000000
v -0.825000 0.400000 0.333333
v -0.825000 0.400000 0.666667
v -0.825000 0.400000 1.000000
v -0.825000 0.600000 -1.000000
v -0.825000 0.600000 -0.666667
v -0.825000 0.600000 -0.333333
v -0.825000 0.600000 0.000000
v -0.825000 0.600000 0.333333
v -0.825000 0.600000 0.666667
v -0.825000 0.600000 1.000000
v -0.825000 0.800000 -1.000000
v -0.825000 0.800000 -0.666667
v -0.825000 0.800000 -0.333333
v -0.825000 0.800000 0.000000
v -0.825000 0.800000 0.333333
v -0.825000 0.800000 0.666667
v -0.825000 0.800000 1.000000
v -0.825000 1.000000 -1.000000
v -0.825000 1.000000 -0.666667
v -0.825000 1.000000 -0.333333
v -0.825000 1.000000 0.000000
v -0.825000 1.000000 0.333333
v -0.825000 1.000000 0.666667
v -0.825000 1.000000 1.000000
v -0.825000 1.200000 -1.000000
v -0.825000 1.200000 -0.666667
v -0.825000 1.200000 -0.333333
v -0.825000 1.200000 0.000000
v -0.825000 1.200000 0.333333
v -0.825000 1.200000 0.666667
v -0.825000 1.200000 1.000000
v -0.825000 1.200000 -1.000000
v -0.825000 1.200000 -0.666667
v -0.825000 1.200000 -0.333333
v -0.825000 1.200000 0.000000
v -0.825000 1.200000 0.333333
v -0.825000 1.200000 0.666667
v -0.825000 1.200000 1.000000
v -0.750000 1.200000 -1.000000
v -0.750000 1.200000 -0.666667
v -0.750000 1.200000 -0.333333
v -0.750000 1.200000 0.000000
v -0.750000 1.200000 0.333333
v -0.750000 1.200000 0.666667
v -0.750000 1.200000 1.000000
v -0.675000 1.200000 -1.000000
v -0.675000 1.200000 -0.666667
v -0.675000 1.200000 -0.333333
v -0.675000 1.200000 0.000000
v -0.675000 1.200000 0.333333
v -0.675000 1.200000 0.666667
v -0.675000 1.200000 1.000000
v -0.675000 0.400000 -1.000000
v -0.675000 0.400000 -0.666667
v -0.675000 0.400000 -0.333333
v -0.675000 0.400000 0.000000
v -0.675000 0.400000 0.333333
v -0.675000 0.400000 0.666667
v -0.675000 0.400000 1.000000
v -0.675000 0.600000 -1.000000
v -0.675000 0.600000 -0.666667
v -0.675000 0.600000 -0.333333
v -0.675000 0.600000 0.000000
v -0.675000 0.600000 0.333333
v -0.675000 0.600000 0.666667
v -0.675000 0.600000 1.000000
v -0.675000 0.800000 -1.000000
v -0.675000 0.800000 -0.666667
v -0.675000 0.800000 -0.333333
v -0.675000 0.800000 0.000000
v -0.675000 0.800000 0.333333
v -0.675000 0.800000 0.666667
v -0.675000 0.800000 1.000000
v -0.675000 1.000000 -1.000000
v -0.675000 1.000000 -0.666667
v -0.675000 1.000000 -0.333333
v -0.675000 1.000000 0.000000
v -0.675000 1.000000 0.333333
v -0.675000 1.000000 0.666667
v -0.675000 1.000000 1.000000
v -0.675000 1.200000 -1.000000
v -0.675000 1.200000 -0.666667
v -0.675000 1.200000 -0.333333
v -0.675000 1.200000 0.000000
v -0.675000 1.200000 0.333333
v -0.675000 1.200000 0.666667
v -0.675000 1.200000 1.000000
v -0.525000 0.400000 -1.000000
v -0.525000 0.400000 -0.666667
v -0.525000 0.400000 -0.333333
v -0.525000 0.400000 0.000000
v -0.525000 0.400000 0.333333
v -0.525000 0.400000 0.666667
v -0.525000 0.400000 1.000000
v -0.525000 0.600000 -1.000000
v -0.525000 0.600000 -0.666667
v -0.525000 0.600000 -0.333333
v -0.525000 0.600000 0.000000
v -0.525000 0.600000 0.333333
v -0.525000 0.600000 0.666667
v -0.525000 0.600000 1.000000
v -0.525000 0.800000 -1.000000
v -0.525000 0.800000 -0.666667
v -0.525000 0.800000 -0.333333
v -0.525000 0.800000 0.000000
v -0.525000 0.800000 0.333333
v -0.525000 0.800000 0.666667
v -0.525000 0.800000 1.000000
v -0.525000 1.000000 -1.000000
v -0.525000 1.000000 -0.666667
v -0.525000 1.000000 -0.333333
v -0.525000 1.000000 0.000000
v -0.525000 1.000000 0.333333
v -0.525000 1.000000 0.666667
v -0.525000 1.000000 1.000000
v -0.525000 1.200000 -1.000000
v -0.525000 1.200000 -0.666667
v -0.525000 1.200000 -0.333333
v -0.525000 1.200000 0.000000
v -0.525000 1.200000 0.333333
v -0.525000 1.200000 0.666667
v -0.525000 1.200000 1.000000
v -0.525000 1.200000 -1.000000
v -0.525000 1.200000 -0.666667
v -0.525000 1.200000 -0.333333
v -0.525000 1.200000 0.000000
v -0.525000 1.200000 0.333333
v -0.525000 1.200000 0.666667
v -0.525000 1.200000 1.000000
v -0.450000 1.200000 -1.000000
v -0.450000 1.200000 -0.666667
v -0.450000 1.200000 -0.333333
v -0.450000 1.200000 0.000000
v -0.450000 1.200000 0.333333
v -0.450000 1.200000 0.666667
v -0.450000 1.200000 1.000000
v -0.375000 1.200000 -1.000000
v -0.375000 1.200000 -0.666667
v -0.375000 1.200000 -0.333333
v -0.375000 1.200000 0.000000
v -0.375000 1.200000 0.333333
v -0.375000 1.200000 0.666667
v -0.375000 1.200000 1.000000
v -0.375000 0.400000 -1.000000
v -0.375000 0.400000 -0.666667
v -0.375000 0.400000 -0.333333
v -0.375000 0.400000 0.000000
v -0.375000 0.400000 0.333333
v -0.375000 0.400000 0.666667
v -0.375000 0.400000 1.000000
v -0.375000 0.600000 -1.000000
v -0.375000 0.600000 -0.666667
v -0.375000 0.600000 -0.333333
v -0.375000 0.600000 0.000000
v -0.375000 0.600000 0.333333
v -0.375000 0.600000 0.666667
v -0.375000 0.600000 1.000000
v -0.375000 0.800000 -1.000000
v -0.375000 0.800000 -0.666667
v -0.375000 0.800000 -0.333333
v -0.375000 0.800000 0.000000
v -0.375000 0.800000 0.333333
v -0.375000 0.800000 0.666667
v -0.375000 0.800000 1.000000
v -0.375000 1.000000 -1.000000
v -0.375000 1.000000 -0.666667
v -0.375000 1.000000 -0.333333
v -0.375000 1.000000 0.000000
v -0.375000 1.000000 0.333333
v -0.375000 1.000000 0.666667
v -0.375000 1.000000 1.000000
v -0.375000 1.200000 -1.000000
v -0.375000 1.200000 -0.666667
v -0.375000 1.200000 -0.333333
v -0.375000 1.200000 0.000000
v -0.375000 1.200000 0.333333
v -0.375000 1.200000 0.666667
v -0.375000 1.200000 1.000000
v -0.225000 0.400000 -1.000000
v -0.225000 0.400000 -0.666667
v -0.225000 0.400000 -0.333333
v -0.225000 0.400000 0.000000
v -0.225000 0.400000 0.333333
v -0.225000 0.400000 0.666667
v -0.225000 0.400000 1.000000
v -0.225000 0.600000 -1.000000
v -0.225000 0.600000 -0.666667
v -0.225000 0.600000 -0.333333
v -0.225000 0.600000 0.000000
v -0.225000 0.600000 0.333333
v -0.225000 0.600000 0.666667
v -0.225000 0.600000 1.000000
v -0.225000 0.800000 -1.000000
v -0.225000 0.800000 -0.666667
v -0.225000 0.800000 -0.333333
v -0.225000 0.800000 0.000000
v -0.225000 0.800000 0.333333
v -0.225000 0.800000 0.666667
v -0.225000 0.800000 1.000000
v -0.225000 1.000000 -1.000000
v -0.225000 1.000000 -0.666667
v -0.225000 1.000000 -0.333333
v -0.225000 1.000000 0.000000
v -0.225000 1.000000 0.333333
v -0.225000 1.000000 0.666667
v -0.225000 1.000000 1.000000
v -0.225000 1.200000 -1.000000
v -0.225000 1.200000 -0.666667
v -0.225000 1.200000 -0.333333
v -0.225000 1.200000 0.000000
v -0.225000 1.200000 0.333333
v -0.225000 1.200000 0.666667
v -0.225000 1.200000 1.000000
v -0.225000 1.200000 -1.000000
v -0.225000 1.200000 -0.666667
v -0.225000 1.200000 -0.333333
v -0.225000 1.200000 0.000000
v -0.225000 1.200000 0.333333
v -0.225000 1.200000 0.666667
v -0.225000 1.200000 1.000000
v -0.150000 1.200000 -1.000000
v -0.150000 1.200000 -0.666667
v -0.150000 1.200000 -0.333333
v -0.150000 1.200000 0.000000
v -0.150000 1.200000 0.333333
v -0.150000 1.200000 0.666667
v -0.150000 1.200000 1.000000
v -0.075000 1.200000 -1.000000
v -0.075000 1.200000 -0.666667
v -0.075000 1.200000 -0.333333
v -0.075000 1.200000 0.000000
v -0.075000 1.200000 0.333333
v -0.075000 1.200000 0.666667
v -0.075000 1.200000 1.000000
v -0.075000 0.400000 -1.000000
v -0.075000 0.400000 -0.666667
v -0.075000 0.400000 -0.333333
v -0.075000 0.400000 0.000000
v -0.075000 0.400000 0.333333
v -0.075000 0.400000 0.666667
v -0.075000 0.400000 1.000000
v -0.075000 0.600000 -1.000000
v -0.075000 0.600000 -0.666667
v -0.075000 0.600000 -0.333333
v -0.075000 0.600000 0.000000
v -0.075000 0.600000 0.333333
v -0.075000 0.600000 0.666667
v -0.075000 0.600000 1.000000
v -0.075000 0.800000 -1.000000
v -0.075000 0.800000 -0.666667
v -0.075000 0.800000 -0.333333
v -0.075000 0.800000 0.000000
v -0.075000 0.800000 0.333333
v -0.075000 0.800000 0.666667
v -0.075000 0.800000 1.000000
v -0.075000 1.000000 -1.000000
v -0.075000 1.000000 -0.666667
v -0.075000 1.000000 -0.333333
v -0.075000 1.000000 0.000000
v -0.075000 1.000000 0.333333
v -0.075000 1.000000 0.666667
v -0.075000 1.000000 1.000000
v -0.075000 1.200000 -1.000000
v -0.075000 1.200000 -0.666667
v -0.075000 1.200000 -0.333333
v -0.075000 1.200000 0.000000
v -0.075000 1.200000 0.333333
v -0.075000 1.200000 0.666667
v -0.075000 1.200000 1.000000
v 0.075000 0.400000 -1.000000
v 0.075000 0.400000 -0.666667
v 0.075000 0.400000 -0.333333
v 0.075000 0.400000 0.000000
v 0.075000 0.400000 0.333333
v 0.075000 0.400000 0.666667
v 0.075000 0.400000 1.000000
v 0.075000 0.600000 -1.000000
v 0.075000 0.600000 -0.666667
v 0.075000 0.600000 -0.333333
v 0.075000 0.600000 0.000000
v 0.075000 0.600000 0.333333
v 0.075000 0.600000 0.666667
v 0.075000 0.600000 1.000000
v 0.075000 0.800000 -1.000000
v 0.075000 0.800000 -0.666667
v 0.075000 0.800000 -0.333333
v 0.075000 0.800000 0.000000
v 0.075000 0.800000 0.333333
v 0.075000 0.800000 0.666667
v 0.075000 0.800000 1.000000
v 0.075000 1.000000 -1.000000
v 0.075000 1.000000 -0.666667
v 0.075000 1.000000 -0.333333
v 0.075000 1.000000 0.000000
v 0.075000 1.000000 0.333333
v 0.075000 1.000000 0.666667
v 0.075000 1.000000 1.000000
v 0.075000 1.200000 -1.000000
v 0.075000 1.200000 -0.666667
v 0.075000 1.200000 -0.333333
v 0.075000 1.200000 0.000000
v 0.075000 1.200000 0.333333
v 0.075000 1.200000 0.666667
v 0.075000 1.200000 1.000000
v 0.075000 1.200000 -1.000000
v 0.075000 1.200000 -0.666667
v 0.075000 1.200000 -0.333333
v 0.075000 1.200000 0.000000
v 0.075000 1.200000 0.333333
v 0.075000 1.200000 0.666667
v 0.075000 1.200000 1.000000
v 0.150000 1.200000 -1.000000
v 0.150000 1.200000 -0.666667
v 0.150000 1.200000 -0.333333
v 0.150000 1.200000 0.000000
v 0.150000 1.200000 0.333333
v 0.150000 1.200000 0.666667
v 0.150000 1.200000 1.000000
v 0.225000 1.200000 -1.000000
v 0.225000 1.200000 -0.666667
v 0.225000 1.200000 -0.333333
v 0.225000 1.200000 0.000000
v 0.225000 1.200000 0.333333
v 0.225000 1.200000 0.666667
v 0.225000 1.200000 1.000000
v 0.225000 0.400000 -1.000000
v 0.225000 0.400000 -0.666667
v 0.225000 0.400000 -0.333333
v 0.225000 0.400000 0.000000
v 0.225000 0.400000 0.333333
v 0.225000 0.400000 0.666667
v 0.225000 0.400000 1.000000
v 0.225000 0.600000 -1.000000
v 0.225000 0.600000 -0.666667
v 0.225000 0.600000 -0.333333
v 0.225000 0.600000 0.000000
v 0.225000 0.600000 0.333333
v 0.225000 0.600000 0.666667
v 0.225000 0.600000 1.000000
v 0.225000 0.800000 -1.000000
v 0.225000 0.800000 -0.666667
v 0.225000 0.800000 -0.333333
v 0.225000 0.800000 0.000000
v 0.225000 0.800000 0.333333
v 0.225000 0.800000 0.666667
v 0.225000 0.800000 1.000000
v 0.225000 1.000000 -1.000000
v 0.225000 1.000000 -0.666667
v 0.225000 1.000000 -0.333333
v 0.225000 1.000000 0.000000
v 0.225000 1.000000 0.333333
v 0.225000 1.000000 0.666667
v 0.225000 1.000000 1.000000
v 0.225000 1.200000 -1.000000
v 0.225000 1.200000 -0.666667
v 0.225000 1.200000 -0.333333
v 0.225000 1.200000 0.000000
v 0.225000 1.200000 0.333333
v 0.225000 1.200000 0.666667
v 0.225000 1.200000 1.000000
v 0.375000 0.400000 -1.000000
v 0.375000 0.400000 -0.666667
v 0.375000 0.400000 -0.333333
v 0.375000 0.400000 0.000000
v 0.375000 0.400000 0.333333
v 0.375000 0.400000 0.666667
v 0.375000 0.400000 1.000000
v 0.375000 0.600000 -1.000000
v 0.375000 0.600000 -0.666667
v 0.375000 0.600000 -0.333333
v 0.375000 0.600000 0.000000
v 0.375000 0.600000 0.333333
v 0.375000 0.600000 0.666667
v 0.375000 0.600000 1.000000
v 0.375000 0.800000 -1.000000
v 0.375000 0.800000 -0.666667
v 0.375000 0.800000 -0.333333
v 0.375000 0.800000 0.000000
v 0.375000 0.800000 0.333333
v 0.375000 0.800000 0.666667
v 0.375000 0.800000 1.000000
v 0.375000 1.000000 -1.000000
v 0.375000 1.000000 -0.666667
v 0.375000 1.000000 -0.333333
v 0.375000 1.000000 0.000000
v 0.375000 1.000000 0.333333
v 0.375000 1.000000 0.666667
v 0.375000 1.000000 1.000000
v 0.375000 1.200000 -1.000000
v 0.375000 1.200000 -0.666667
v 0.375000 1.200000 -0.333333
v 0.375000 1.200000 0.000000
v 0.375000 1.200000 0.333333
v 0.375000 1.200000 0.666667
v 0.375000 1.200000 1.000000
v 0.375000 1.200000 -1.000000
v 0.375000 1.200000 -0.666667
v 0.375000 1.200000 -0.333333
v 0.375000 1.200000 0.000000
v 0.375000 1.200000 0.333333
v 0.375000 1.200000 0.666667
v 0.375000 1.200000 1.000000
v 0.450000 1.200000 -1.000000
v 0.450000 1.200000 -0.666667
v 0.450000 1.200000 -0.333333
v 0.450000 1.200000 0.000000
v 0.450000 1.200000 0.333333
v 0.450000 1.200000 0.666667
v 0.450000 1.200000 1.000000
v 0.525000 1.200000 -1.000000
v 0.525000 1.200000 -0.666667
v 0.525000 1.200000 -0.333333
v 0.525000 1.200000 0.000000
v 0.525000 1.200000 0.333333
v 0.525000 1.200000 0.666667
v 0.525000 1.200000 1.000000
v 0.525000 0.400000 -1.000000
v 0.525000 0.400000 -0.666667
v 0.525000 0.400000 -0.333333
v 0.525000 0.400000 0.000000
v 0.525000 0.400000 0.333333
v 0.525000 0.400000 0.666667
v 0.525000 0.400000 1.000000
v 0.525000 0.600000 -1.000000
v 0.525000 0.600000 -0.666667
v 0.525000 0.600000 -0.333333
v 0.525000 0.600000 0.000000
v 0.525000 0.600000 0.333333
v 0.525000 0.600000 0.666667
v 0.525000 0.600000 1.000000
v 0.525000 0.800000 -1.000000
v 0.525000 0.800000 -0.666667
v 0.525000 0.800000 -0.333333
v 0.525000 0.800000 0.000000
v 0.525000 0.800000 0.333333
v 0.525000 0.800000 0.666667
v 0.525000 0.800000 1.000000
v 0.525000 1.000000 -1.000000
v 0.525000 1.000000 -0.666667
v 0.525000 1.000000 -0.333333
v 0.525000 1.000000 0.000000
v 0.525000 1.000000 0.333333
v 0.525000 1.000000 0.666667
v 0.525000 1.000000 1.000000
v 0.525000 1.200000 -1.000000
v 0.525000 1.200000 -0.666667
v 0.525000 1.200000 -0.333333
v 0.525000 1.200000 0.000000
v 0.525000 1.200000 0.333333
v 0.525000 1.200000 0.666667
v 0.525000 1.200000 1.000000
v 0.675000 0.400000 -1.000000
v 0.675000 0.400000 -0.666667
v 0.675000 0.400000 -0.333333
v 0.675000 0.400000 0.000000
v 0.675000 0.400000 0.333333
v 0.675000 0.400000 0.666667
v 0.675000 0.400000 1.000000
v 0.675000 0.600000 -1.000000
v 0.675000 0.600000 -0.666667
v 0.675000 0.600000 -0.333333
v 0.675000 0.600000 0.000000
v 0.675000 0.600000 0.333333
v 0.675000 0.600000 0.666667
v 0.675000 0.600000 1.000000
v 0.675000 0.800000 -1.000000
v 0.675000 0.800000 -0.666667
v 0.675000 0.800000 -0.333333
v 0.675000 0.800000 0.000000
v 0.675000 0.800000 0.333333
v 0.675000 0.800000 0.666667
v 0.675000 0.800000 1.000000
v 0.675000 1.000000 -1.000000
v 0.675000 1.000000 -0.666667
v 0.675000 1.000000 -0.333333
v 0.675000 1.000000 0.000000
v 0.675000 1.000000 0.333333
v 0.675000 1.000000 0.666667
v 0.675000 1.000000 1.000000
v 0.675000 1.200000 -1.000000
v 0.675000 1.200000 -0.666667
v 0.675000 1.200000 -0.333333
v 0.675000 1.200000 0.000000
v 0.675000 1.200000 0.333333
v 0.675000 1.200000 0.666667
v 0.675000 1.200000 1.000000
v 0.675000 1.200000 -1.000000
v 0.675000 1.200000 -0.666667
v 0.675000 1.200000 -0.333333
v 0.675000 1.200000 0.000000
v 0.675000 1.200000 0.333333
v 0.675000 1.200000 0.666667
v 0.675000 1.200000 1.000000
v 0.750000 1.200000 -1.000000
v 0.750000 1.200000 -0.666667
v 0.750000 1.200000 -0.333333
v 0.750000 1.200000 0.000000
v 0.750000 1.200000 0.333333
v 0.750000 1.200000 0.666667
v 0.750000 1.200000 1.000000
v 0.825000 1.200000 -1.000000
v 0.825000 1.200000 -0.666667
v 0.825000 1.200000 -0.333333
v 0.825000 1.200000 0.000000
v 0.825000 1.200000 0.333333
v 0.825000 1.200000 0.666667
v 0.825000 1.200000 1.000000
v 0.825000 0.400000 -1.000000
v 0.825000 0.400000 -0.666667
v 0.825000 0.400000 -0.333333
v 0.825000 0.400000 0.000000
v 0.825000 0.400000 0.333333
v 0.825000 0.400000 0.666667
v 0.825000 0.400000 1.000000
v 0.825000 0.600000 -1.000000
v 0.825000 0.600000 -0.666667
v 0.825000 0.600000 -0.333333
v 0.825000 0.600000 0.000000
v 0.825000 0.600000 0.333333
v 0.825000 0.600000 0.666667
v 0.825000 0.600000 1.000000
v 0.825000 0.800000 -1.000000
v 0.825000 0.800000 -0.666667
v 0.825000 0.800000 -0.333333
v 0.825000 0.800000 0.000000
v 0.825000 0.800000 0.333333
v 0.825000 0.800000 0.666667
v 0.825000 0.800000 1.000000
v 0.825000 1.000000 -1.000000
v 0.825000 1.000000 -0.666667
v 0.825000 1.000000 -0.333333
v 0.825000 1.000000 0.000000
v 0.825000 1.000000 0.333333
v 0.825000 1.000000 0.666667
v 0.825000 1.000000 1.000000
v 0.825000 1.200000 -1.000000
v 0.825000 1.200000 -0.666667
v 0.825000 1.200000 -0.333333
v 0.825000 1.200000 0.000000
v 0.825000 1.200000 0.333333
v 0.825000 1.200000 0.666667
v 0.825000 1.200000 1.000000
v 0.975000 0.400000 -1.000000
v 0.975000 0.400000 -0.666667
v 0.975000 0.400000 -0.333333
v 0.975000 0.400000 0.000000
v 0.975000 0.400000 0.333333
v 0.975000 0.400000 0.666667
v 0.975000 0.400000 1.000000
v 0.975000 0.600000 -1.000000
v 0.975000 0.600000 -0.666667
v 0.975000 0.600000 -0.333333
v 0.975000 0.600000 0.000000
v 0.975000 0.600000 0.333333
v 0.975000 0.600000 0.666667
v 0.975000 0.600000 1.000000
v 0.975000 0.800000 -1.000000
v 0.975000 0.800000 -0.666667
v 0.975000 0.800000 -0.333333
v 0.975000 0.800000 0.000000
v 0.975000 0.800000 0.333333
v 0.975000 0.800000 0.666667
v 0.975000 0.800000 1.000000
v 0.975000 1.000000 -1.000000
v 0.975000 1.000000 -0.666667
v 0.975000 1.000000 -0.333333
v 0.975000 1.000000 0.000000
v 0.975000 1.000000 0.333333
v 0.975000 1.000000 0.666667
v 0.975000 1.000000 1.000000
v 0.975000 1.200000 -1.000000
v 0.975000 1.200000 -0.666667
v 0.975000 1.200000 -0.333333
v 0.975000 1.200000 0.000000
v 0.975000 1.200000 0.333333
v 0.975000 1.200000 0.666667
v 0.975000 1.200000 1.000000
v 0.975000 1.200000 -1.000000
v 0.975000 1.200000 -0.666667
v 0.975000 1.200000 -0.333333
v 0.975000 1.200000 0.000000
v 0.975000 1.200000 0.333333
v 0.975000 1.200000 0.666667
v 0.975000 1.200000 1.000000
v 1.050000 1.200000 -1.000000
v 1.050000 1.200000 -0.666667
v 1.050000 1.200000 -0.333333
v 1.050000 1.200000 0.000000
v 1.050000 1.200000 0.333333
v 1.050000 1.200000 0.666667
v 1.050000 1.200000 1.000000
v 1.125000 1.200000 -1.000000
v 1.125000 1.200000 -0.666667
v 1.125000 1.200000 -0.333333
v 1.125000 1.200000 0.000000
v 1.125000 1.200000 0.333333
v 1.125000 1.200000 0.666667
v 1.125000 1.200000 1.000000
v 1.125000 0.400000 -1.000000
v 1.125000 0.400000 -0.666667
v 1.125000 0.400000 -0.333333
v 1.125000 0.400000 0.000000
v 1.125000 0.400000 0.333333
v 1.125000 0.400000 0.666667
v 1.125000 0.400000 1.000000
v 1.125000 0.600000 -1.000000
v 1.125000 0.600000 -0.666667
v 1.125000 0.600000 -0.333333
v 1.125000 0.600000 0.000000
v 1.125000 0.600000 0.333333
v 1.125000 0.600000 0.666667
v 1.125000 0.600000 1.000000
v 1.125000 0.800000 -1.000000
v 1.125000 0.800000 -0.666667
v 1.125000 0.800000 -0.333333
v 1.125000 0.800000 0.000000
v 1.125000 0.800000 0.333333
v 1.125000 0.800000 0.666667
v 1.125000 0.800000 1.000000
v 1.125000 1.000000 -1.000000
v 1.125000 1.000000 -0.666667
v 1.125000 1.000000 -0.333333
v 1.125000 1.000000 0.000000
v 1.125000 1.000000 0.333333
v 1.125000 1.000000 0.666667
v 1.125000 1.000000 1.000000
v 1.125000 1.200000 -1.000000
v 1.125000 1.200000 -0.666667
v 1.125000 1.200000 -0.333333
v 1.125000 1.200000 0.000000
v 1.125000 1.200000 0.333333
v 1.125000 1.200000 0.666667
v 1.125000 1.200000 1.000000
v 1.275000 0.400000 -1.000000
v 1.275000 0.400000 -0.666667
v 1.275000 0.400000 -0.333333
v 1.275000 0.400000 0.000000
v 1.275000 0.400000 0.333333
v 1.275000 0.400000 0.666667
v 1.275000 0.400000 1.000000
v 1.275000 0.600000 -1.000000
v 1.275000 0.600000 -0.666667
v 1.275000 0.600000 -0.333333
v 1.275000 0.600000 0.000000
v 1.275000 0.600000 0.333333
v 1.275000 0.600000 0.666667
v 1.275000 0.600000 1.000000
v 1.275000 0.800000 -1.000000
v 1.275000 0.800000 -0.666667
v 1.275000 0.800000 -0.333333
v 1.275000 0.800000 0.000000
v 1.275000 0.800000 0.333333
v 1.275000 0.800000 0.666667
v 1.275000 0.800000 1.000000
v 1.275000 1.000000 -1.000000
v 1.275000 1.000000 -0.666667
v 1.275000 1.000000 -0.333333
v 1.275000 1.000000 0.000000
v 1.275000 1.000000 0.333333
v 1.275000 1.000000 0.666667
v 1.275000 1.000000 1.000000
v 1.275000 1.200000 -1.000000
v 1.275000 1.200000 -0.666667
v 1.275000 1.200000 -0.333333
v 1.275000 1.200000 0.000000
v 1.275000 1.200000 0.333333
v 1.275000 1.200000 0.666667
v 1.275000 1.200000 1.000000
v 1.275000 1.200000 -1.000000
v 1.275000 1.200000 -0.666667
v 1.275000 1.200000 -0.333333
v 1.275000 1.200000 0.000000
v 1.275000 1.200000 0.333333
v 1.275000 1.200000 0.666667
v 1.275000 1.200000 1.000000
v 1.350000 1.200000 -1.000000
v 1.350000 1.200000 -0.666667
v 1.350000 1.200000 -0.333333
v 1.350000 1.200000 0.000000
v 1.350000 1.200000 0.333333
v 1.350000 1.200000 0.666667
v 1.350000 1.200000 1.000000
v 1.425000 1.200000 -1.000000
v 1.425000 1.200000 -0.666667
v 1.425000 1.200000 -0.333333
v 1.425000 1.200000 0.000000
v 1.425000 1.200000 0.333333
v 1.425000 1.200000 0.666667
v 1.425000 1.200000 1.000000
v 1.425000 0.400000 -1.000000
v 1.425000 0.400000 -0.666667
v 1.425000 0.400000 -0.333333
v 1.425000 0.400000 0.000000
v 1.425000 0.400000 0.333333
v 1.425000 0.400000 0.666667
v 1.425000 0.400000 1.000000
v 1.425000 0.600000 -1.000000
v 1.425000 0.600000 -0.666667
v 1.425000 0.600000 -0.333333
v 1.425000 0.600000 0.000000
v 1.425000 0.600000 0.333333
v 1.425000 0.600000 0.666667
v 1.425000 0.600000 1.000000
v 1.425000 0.800000 -1.000000
v 1.425000 0.800000 -0.666667
v 1.425000 0.800000 -0.333333
v 1.425000 0.800000 0.000000
v 1.425000 0.800000 0.333333
v 1.425000 0.800000 0.666667
v 1.425000 0.800000 1.000000
v 1.425000 1.000000 -1.000000
v 1.425000 1.000000 -0.666667
v 1.425000 1.000000 -0.333333
v 1.425000 1.000000 0.000000
v 1.425000 1.000000 0.333333
v 1.425000 1.000000 0.666667
v 1.425000 1.000000 1.000000
v 1.425000 1.200000 -1.000000
v 1.425000 1.200000 -0.666667
v 1.425000 1.200000 -0.333333
v 1.425000 1.200000 0.000000
v 1.425000 1.200000 0.333333
v 1.425000 1.200000 0.666667
v 1.425000 1.200000 1.000000
v 1.575000 0.400000 -1.000000
v 1.575000 0.400000 -0.666667
v 1.575000 0.400000 -0.333333
v 1.575000 0.400000 0.000000
v 1.575000 0.400000 0.333333
v 1.575000 0.400000 0.666667
v 1.575000 0.400000 1.000000
v 1.575000 0.600000 -1.000000
v 1.575000 0.600000 -0.666667
v 1.575000 0.600000 -0.333333
v 1.575000 0.600000 0.000000
v 1.575000 0.600000 0.333333
v 1.575000 0.600000 0.666667
v 1.575000 0.600000 1.000000
v 1.575000 0.800000 -1.000000
v 1.575000 0.800000 -0.666667
v 1.575000 0.800000 -0.333333
v 1.575000 0.800000 0.000000
v 1.575000 0.800000 0.333333
v 1.575000 0.800000 0.666667
v 1.575000 0.800000 1.000000
v 1.575000 1.000000 -1.000000
v 1.575000 1.000000 -0.666667
v 1.575000 1.000000 -0.333333
v 1.575000 1.000000 0.000000
v 1.575000 1.000000 0.333333
v 1.575000 1.000000 0.666667
v 1.575000 1.000000 1.000000
v 1.575000 1.200000 -1.000000
v 1.575000 1.200000 -0.666667
v 1.575000 1.200000 -0.333333
v 1.575000 1.200000 0.000000
v 1.575000 1.200000 0.333333
v 1.575000 1.200000 0.666667
v 1.575000 1.200000 1.000000
v 1.575000 1.200000 -1.000000
v 1.575000 1.200000 -0.666667
v 1.575000 1.200000 -0.333333
v 1.575000 1.200000 0.000000
v 1.575000 1.200000 0.333333
v 1.575000 1.200000 0.666667
v 1.575000 1.200000 1.000000
v 1.650000 1.200000 -1.000000
v 1.650000 1.200000 -0.666667
v 1.650000 1.200000 -0.333333
v 1.650000 1.200000 0.000000
v 1.650000 1.200000 0.333333
v 1.650000 1.200000 0.666667
v 1.650000 1.200000 1.000000
v 1.725000 1.200000 -1.000000
v 1.725000 1.200000 -0.666667
v 1.725000 1.200000 -0.333333
v 1.725000 1.200000 0.000000
v 1.725000 1.200000 0.333333
v 1.725000 1.200000 0.666667
v 1.725000 1.200000 1.000000
v 1.725000 0.400000 -1.000000
v 1.725000 0.400000 -0.666667
v 1.725000 0.400000 -0.333333
v 1.725000 0.400000 0.000000
v 1.725000 0.400000 0.333333
v 1.725000 0.400000 0.666667
v 1.725000 0.400000 1.000000
v 1.725000 0.600000 -1.000000
v 1.725000 0.600000 -0.666667
v 1.725000 0.600000 -0.333333
v 1.725000 0.600000 0.000000
v 1.725000 0.600000 0.333333
v 1.725000 0.600000 0.666667
v 1.725000 0.600000 1.000000
v 1.725000 0.800000 -1.000000
v 1.725000 0.800000 -0.666667
v 1.725000 0.800000 -0.333333
v 1.725000 0.800000 0.000000
v 1.725000 0.800000 0.333333
v 1.725000 0.800000 0.666667
v 1.725000 0.800000 1.000000
v 1.725000 1.000000 -1.000000
v 1.725000 1.000000 -0.666667
v 1.725000 1.000000 -0.333333
v 1.725000 1.000000 0.000000
v 1.725000 1.000000 0.333333
v 1.725000 1.000000 0.666667
v 1.725000 1.000000 1.000000
v 1.725000 1.200000 -1.000000
v 1.725000 1.200000 -0.666667
v 1.725000 1.200000 -0.333333
v 1.725000 1.200000 0.000000
v 1.725000 1.200000 0.333333
v 1.725000 1.200000 0.666667
v 1.725000 1.200000 1.000000
v -1.875000 0.000000 -1.000000
v -1.875000 0.200000 -1.000000
v -1.875000 0.400000 -1.000000
v -1.800000 0.000000 -1.000000
v -1.800000 0.200000 -1.000000
v -1.800000 0.400000 -1.000000
v -1.725000 0.000000 -1.000000
v -1.725000 0.200000 -1.000000
v -1.725000 0.400000 -1.000000
v -1.650000 0.000000 -1.000000
v -1.650000 0.200000 -1.000000
v -1.650000 0.400000 -1.000000
v -1.575000 0.000000 -1.000000
v -1.575000 0.200000 -1.000000
v -1.575000 0.400000 -1.000000
v -1.500000 0.000000 -1.000000
v -1.500000 0.200000 -1.000000
v -1.500000 0.400000 -1.000000
v -1.425000 0.000000 -1.000000
v -1.425000 0.200000 -1.000000
v -1.425000 0.400000 -1.000000
v -1.350000 0.000000 -1.000000
v -1.350000 0.200000 -1.000000
v -1.350000 0.400000 -1.000000
v -1.275000 0.000000 -1.000000
v -1.275000 0.200000 -1.000000
v -1.275000 0.400000 -1.000000
v -1.200000 0.000000 -1.000000
v -1.200000 0.200000 -1.000000
v -1.200000 0.400000 -1.000000
v -1.125000 0.000000 -1.000000
v -1.125000 0.200000 -1.000000
v -1.125000 0.400000 -1.000000
v -1.050000 0.000000 -1.000000
v -1.050000 0.200000 -1.000000
v -1.050000 0.400000 -1.000000
v -0.975000 0.000000 -1.000000
v -0.975000 0.200000 -1.000000
v -0.975000 0.400000 -1.000000
v -0.900000 0.000000 -1.000000
v -0.900000 0.200000 -1.000000
v -0.900000 0.400000 -1.000000
v -0.825000 0.000000 -1.000000
v -0.825000 0.200000 -1.000000
v -0.825000 0.400000 -1.000000
v -0.750000 0.000000 -1.000000
v -0.750000 0.200000 -1.000000
v -0.750000 0.400000 -1.000000
v -0.675000 0.000000 -1.000000
v -0.675000 0.200000 -1.000000
v -0.675000 0.400000 -1.000000
v -0.600000 0.000000 -1.000000
v -0.600000 0.200000 -1.000000
v -0.600000 0.400000 -1.000000
v -0.525000 0.000000 -1.000000
v -0.525000 0.200000 -1.000000
v -0.525000 0.400000 -1.000000
v -0.450000 0.000000 -1.000000
v -0.450000 0.200000 -1.000000
v -0.450000 0.400000 -1.000000
v -0.375000 0.000000 -1.000000
v -0.375000 0.200000 -1.000000
v -0.375000 0.400000 -1.000000
v -0.300000 0.000000 -1.000000
v -0.300000 0.200000 -1.000000
v -0.300000 0.400000 -1.000000
v -0.225000 0.000000 -1.000000
v -0.225000 0.200000 -1.000000
v -0.225000 0.400000 -1.000000
v -0.150000 0.000000 -1.000000
v -0.150000 0.200000 -1.000000
v -0.150000 0.400000 -1.000000
v -0.075000 0.000000 -1.000000
v -0.075000 0.200000 -1.000000
v -0.075000 0.400000 -1.000000
v 0.000000 0.000000 -1.000000
v 0.000000 0.200000 -1.000000
v 0.000000 0.400000 -1.000000
v 0.075000 0.000000 -1.000000
v 0.075000 0.200000 -1.000000
v 0.075000 0.400000 -1.000000
v 0.150000 0.000000 -1.000000
v 0.150000 0.200000 -1.000000
v 0.150000 0.400000 -1.000000
v 0.225000 0.000000 -1.000000
v 0.225000 0.200000 -1.000000
v 0.225000 0.400000 -1.000000
v 0.300000 0.000000 -1.000000
v 0.300000 0.200000 -1.000000
v 0.300000 0.400000 -1.000000
v 0.375000 0.000000 -1.000000
v 0.375000 0.200000 -1.000000
v 0.375000 0.400000 -1.000000
v 0.450000 0.000000 -1.000000
v 0.450000 0.200000 -1.000000
v 0.450000 0.400000 -1.000000
v 0.525000 0.000000 -1.000000
v 0.525000 0.200000 -1.000000
v 0.525000 0.400000 -1.000000
v 0.600000 0.000000 -1.000000
v 0.600000 0.200000 -1.000000
v 0.600000 0.400000 -1.000000
v 0.675000 0.000000 -1.000000
v 0.675000 0.200000 -1.000000
v 0.675000 0.400000 -1.000000
v 0.750000 0.000000 -1.000000
v 0.750000 0.200000 -1.000000
v 0.750000 0.400000 -1.000000
v 0.825000 0.000000 -1.000000
v 0.825000 0.200000 -1.000000
v 0.825000 0.400000 -1.000000
v 0.900000 0.000000 -1.000000
v 0.900000 0.200000 -1.000000
v 0.900000 0.400000 -1.000000
v 0.975000 0.000000 -1.000000
v 0.975000 0.200000 -1.000000
v 0.975000 0.400000 -1.000000
v 1.050000 0.000000 -1.000000
v 1.050000 0.200000 -1.000000
v 1.050000 0.400000 -1.000000
v 1.125000 0.000000 -1.000000
v 1.125000 0.200000 -1.000000
v 1.125000 0.400000 -1.000000
v 1.200000 0.000000 -1.000000
v 1.200000 0.200000 -1.000000
v 1.200000 0.400000 -1.000000
v 1.275000 0.000000 -1.000000
v 1.275000 0.200000 -1.000000
v 1.275000 0.400000 -1.000000
v 1.350000 0.000000 -1.000000
v 1.350000 0.200000 -1.000000
v 1.350000 0.400000 -1.000000
v 1.425000 0.000000 -1.000000
v 1.425000 0.200000 -1.000000
v 1.425000 0.400000 -1.000000
v 1.500000 0.000000 -1.000000
v 1.500000 0.200000 -1.000000
v 1.500000 0.400000 -1.000000
v 1.575000 0.000000 -1.000000
v 1.575000 0.200000 -1.000000
v 1.575000 0.400000 -1.000000
v 1.650000 0.000000 -1.000000
v 1.650000 0.200000 -1.000000
v 1.650000 0.400000 -1.000000
v 1.725000 0.000000 -1.000000
v 1.725000 0.200000 -1.000000
v 1.725000 0.400000 -1.000000
v 1.800000 0.000000 -1.000000
v 1.800000 0.200000 -1.000000
v 1.800000 0.400000 -1.000000
v 1.875000 0.000000 -1.000000
v 1.875000 0.200000 -1.000000
v 1.875000 0.400000 -1.000000
v -1.725000 0.400000 -1.000000
v -1.725000 0.600000 -1.000000
v -1.725000 0.800000 -1.000000
v -1.725000 1.000000 -1.000000
v -1.725000 1.200000 -1.000000
v -1.650000 0.400000 -1.000000
v -1.650000 0.600000 -1.000000
v -1.650000 0.800000 -1.000000
v -1.650000 1.000000 -1.000000
v -1.650000 1.200000 -1.000000
v -1.575000 0.400000 -1.000000
v -1.575000 0.600000 -1.000000
v -1.575000 0.800000 -1.000000
v -1.575000 1.000000 -1.000000
v -1.575000 1.200000 -1.000000
v -1.425000 0.400000 -1.000000
v -1.425000 0.600000 -1.000000
v -1.425000 0.800000 -1.000000
v -1.425000 1.000000 -1.000000
v -1.425000 1.200000 -1.000000
v -1.350000 0.400000 -1.000000
v -1.350000 0.600000 -1.000000
v -1.350000 0.800000 -1.000000
v -1.350000 1.000000 -1.000000
v -1.350000 1.200000 -1.000000
v -1.275000 0.400000 -1.000000
v -1.275000 0.600000 -1.000000
v -1.275000 0.800000 -1.000000
v -1.275000 1.000000 -1.000000
v -1.275000 1.200000 -1.000000
v -1.125000 0.400000 -1.000000
v -1.125000 0.600000 -1.000000
v -1.125000 0.800000 -1.000000
v -1.125000 1.000000 -1.000000
v -1.125000 1.200000 -1.000000
v -1.050000 0.400000 -1.000000
v -1.050000 0.600000 -1.000000
v -1.050000 0.800000 -1.000000
v -1.050000 1.000000 -1.000000
v -1.050000 1.200000 -1.000000
v -0.975000 0.400000 -1.000000
v -0.975000 0.600000 -1.000000
v -0.975000 0.800000 -1.000000
v -0.975000 1.000000 -1.000000
v -0.975000 1.200000 -1.000000
v -0.825000 0.400000 -1.000000
v -0.825000 0.600000 -1.000000
v -0.825000 0.800000 -1.000000
v -0.825000 1.000000 -1.000000
v -0.825000 1.200000 -1.000000
v -0.750000 0.400000 -1.000000
v -0.750000 0.600000 -1.000000
v -0.750000 0.800000 -1.000000
v -0.750000 1.000000 -1.000000
v -0.750000 1.200000 -1.000000
v -0.675000 0.400000 -1.000000
v -0.675000 0.600000 -1.000000
v -0.675000 0.800000 -1.000000
v -0.675000 1.000000 -1.000000
v -0.675000 1.200000 -1.000000
v -0.525000 0.400000 -1.000000
v -0.525000 0.600000 -1.000000
v -0.525000 0.800000 -1.000000
v -0.525000 1.000000 -1.000000
v -0.525000 1.200000 -1.000000
v -0.450000 0.400000 -1.000000
v -0.450000 0.600000 -1.000000
v -0.450000 0.800000 -1.000000
v -0.450000 1.000000 -1.000000
v -0.450000 1.200000 -1.000000
v -0.375000 0.400000 -1.000000
v -0.375000 0.600000 -1.000000
v -0.375000 0.800000 -1.000000
v -0.375000 1.000000 -1.000000
v -0.375000 1.200000 -1.000000
v -0.225000 0.400000 -1.000000
v -0.225000 0.600000 -1.000000
v -0.225000 0.800000 -1.000000
v -0.225000 1.000000 -1.000000
v -0.225000 1.200000 -1.000000
v -0.150000 0.400000 -1.000000
v -0.150000 0.600000 -1.000000
v -0.150000 0.800000 -1.000000
v -0.150000 1.000000 -1.000000
v -0.150000 1.200000 -1.000000
v -0.075000 0.400000 -1.000000
v -0.075000 0.600000 -1.000000
v -0.075000 0.800000 -1.000000
v -0.075000 1.000000 -1.000000
v -0.075000 1.200000 -1.000000
v 0.075000 0.400000 -1.000000
v 0.075000 0.600000 -1.000000
v 0.075000 0.800000 -1.000000
v 0.075000 1.000000 -1.000000
v 0.075000 1.200000 -1.000000
v 0.150000 0.400000 -1.000000
v 0.150000 0.600000 -1.000000
v 0.150000 0.800000 -1.000000
v 0.150000 1.000000 -1.000000
v 0.150000 1.200000 -1.000000
v 0.225000 0.400000 -1.000000
v 0.225000 0.600000 -1.000000
v 0.225000 0.800000 -1.000000
v 0.225000 1.000000 -1.000000
v 0.225000 1.200000 -1.000000
v 0.375000 0.400000 -1.000000
v 0.375000 0.600000 -1.000000
v 0.375000 0.800000 -1.000000
v 0.375000 1.000000 -1.000000
v 0.375000 1.200000 -1.000000
v 0.450000 0.400000 -1.000000
v 0.450000 0.600000 -1.000000
v 0.450000 0.800000 -1.000000
v 0.450000 1.000000 -1.000000
v 0.450000 1.200000 -1.000000
v 0.525000 0.400000 -1.000000
v 0.525000 0.600000 -1.000000
v 0.525000 0.800000 -1.000000
v 0.525000 1.000000 -1.000000
v 0.525000 1.200000 -1.000000
v 0.675000 0.400000 -1.000000
v 0.675000 0.600000 -1.000000
v 0.675000 0.800000 -1.000000
v 0.675000 1.000000 -1.000000
v 0.675000 1.200000 -1.000000
v 0.750000 0.400000 -1.000000
v 0.750000 0.600000 -1.000000
v 0.750000 0.800000 -1.000000
v 0.750000 1.000000 -1.000000
v 0.750000 1.200000 -1.000000
v 0.825000 0.400000 -1.000000
v 0.825000 0.600000 -1.000000
v 0.825000 0.800000 -1.000000
v 0.825000 1.000000 -1.000000
v 0.825000 1.200000 -1.000000
v 0.975000 0.400000 -1.000000
v 0.975000 0.600000 -1.000000
v 0.975000 0.800000 -1.000000
v 0.975000 1.000000 -1.000000
v 0.975000 1.200000 -1.000000
v 1.050000 0.400000 -1.000000
v 1.050000 0.600000 -1.000000
v 1.050000 0.800000 -1.000000
v 1.050000 1.000000 -1.000000
v 1.050000 1.200000 -1.000000
v 1.125000 0.400000 -1.000000
v 1.125000 0.600000 -1.000000
v 1.125000 0.800000 -1.000000
v 1.125000 1.000000 -1.000000
v 1.125000 1.200000 -1.000000
v 1.275000 0.400000 -1.000000
v 1.275000 0.600000 -1.000000
v 1.275000 0.800000 -1.000000
v 1.275000 1.000000 -1.000000
v 1.275000 1.200000 -1.000000
v 1.350000 0.400000 -1.000000
v 1.350000 0.600000 -1.000000
v 1.350000 0.800000 -1.000000
v 1.350000 1.000000 -1.000000
v 1.350000 1.200000 -1.000000
v 1.425000 0.400000 -1.000000
v 1.425000 0.600000 -1.000000
v 1.425000 0.800000 -1.000000
v 1.425000 1.000000 -1.000000
v 1.425000 1.200000 -1.000000
v 1.575000 0.400000 -1.000000
v 1.575000 0.600000 -1.000000
v 1.575000 0.800000 -1.000000
v 1.575000 1.000000 -1.000000
v 1.575000 1.200000 -1.000000
v 1.650000 0.400000 -1.000000
v 1.650000 0.600000 -1.000000
v 1.650000 0.800000 -1.000000
v 1.650000 1.000000 -1.000000
v 1.650000 1.200000 -1.000000
v 1.725000 0.400000 -1.000000
v 1.725000 0.600000 -1.000000
v 1.725000 0.800000 -1.000000
v 1.725000 1.000000 -1.000000
v 1.725000 1.200000 -1.000000
v -1.875000 0.000000 1.000000
v -1.875000 0.200000 1.000000
v -1.875000 0.400000 1.000000
v -1.800000 0.000000 1.000000
v -1.800000 0.200000 1.000000
v -1.800000 0.400000 1.000000
v -1.725000 0.000000 1.000000
v -1.725000 0.200000 1.000000
v -1.725000 0.400000 1.000000
v -1.650000 0.000000 1.000000
v -1.650000 0.200000 1.000000
v -1.650000 0.400000 1.000000
v -1.575000 0.000000 1.000000
v -1.575000 0.200000 1.000000
v -1.575000 0.400000 1.000000
v -1.500000 0.000000 1.000000
v -1.500000 0.200000 1.000000
v -1.500000 0.400000 1.000000
v -1.425000 0.000000 1.000000
v -1.425000 0.200000 1.000000
v -1.425000 0.400000 1.000000
v -1.350000 0.000000 1.000000
v -1.350000 0.200000 1.000000
v -1.350000 0.400000 1.000000
v -1.275000 0.000000 1.000000
v -1.275000 0.200000 1.000000
v -1.275000 0.400000 1.000000
v -1.200000 0.000000 1.000000
v -1.200000 0.200000 1.000000
v -1.200000 0.400000 1.000000
v -1.125000 0.000000 1.000000
v -1.125000 0.200000 1.000000
v -1.125000 0.400000 1.000000
v -1.050000 0.000000 1.000000
v -1.050000 0.200000 1.000000
v -1.050000 0.400000 1.000000
v -0.975000 0.000000 1.000000
v -0.975000 0.200000 1.000000
v -0.975000 0.400000 1.000000
v -0.900000 0.000000 1.000000
v -0.900000 0.200000 1.000000
v -0.900000 0.400000 1.000000
v -0.825000 0.000000 1.000000
v -0.825000 0.200000 1.000000
v -0.825000 0.400000 1.000000
v -0.750000 0.000000 1.000000
v -0.750000 0.200000 1.000000
v -0.750000 0.400000 1.000000
v -0.675000 0.000000 1.000000
v -0.675000 0.200000 1.000000
v -0.675000 0.400000 1.000000
v -0.600000 0.000000 1.000000
v -0.600000 0.200000 1.000000
v -0.600000 0.400000 1.000000
v -0.525000 0.000000 1.000000
v -0.525000 0.200000 1.000000
v -0.525000 0.400000 1.000000
v -0.450000 0.000000 1.000000
v -0.450000 0.200000 1.000000
v -0.450000 0.400000 1.000000
v -0.375000 0.000000 1.000000
v -0.375000 0.200000 1.000000
v -0.375000 0.400000 1.000000
v -0.300000 0.000000 1.000000
v -0.300000 0.200000 1.000000
v -0.300000 0.400000 1.000000
v -0.225000 0.000000 1.000000
v -0.225000 0.200000 1.000000
v -0.225000 0.400000 1.000000
v -0.150000 0.000000 1.000000
v -0.150000 0.200000 1.000000
v -0.150000 0.400000 1.000000
v -0.075000 0.000000 1.000000
v -0.075000 0.200000 1.000000
v -0.075000 0.400000 1.000000
v 0.000000 0.000000 1.000000
v 0.000000 0.200000 1.000000
v 0.000000 0.400000 1.000000
v 0.075000 0.000000 1.000000
v 0.075000 0.200000 1.000000
v 0.075000 0.400000 1.000000
v 0.150000 0.000000 1.000000
v 0.150000 0.200000 1.000000
v 0.150000 0.400000 1.000000
v 0.225000 0.000000 1.000000
v 0.225000 0.200000 1.000000
v 0.225000 0.400000 1.000000
v 0.300000 0.000000 1.000000
v 0.300000 0.200000 1.000000
v 0.300000 0.400000 1.000000
v 0.375000 0.000000 1.000000
v 0.375000 0.200000 1.000000
v 0.375000 0.400000 1.000000
v 0.450000 0.000000 1.000000
v 0.450000 0.200000 1.000000
v 0.450000 0.400000 1.000000
v 0.525000 0.000000 1.000000
v 0.525000 0.200000 1.000000
v 0.525000 0.400000 1.000000
v 0.600000 0.000000 1.000000
v 0.600000 0.200000 1.000000
v 0.600000 0.400000 1.000000
v 0.675000 0.000000 1.000000
v 0.675000 0.200000 1.000000
v 0.675000 0.400000 1.000000
v 0.750000 0.000000 1.000000
v 0.750000 0.200000 1.000000
v 0.750000 0.400000 1.000000
v 0.825000 0.000000 1.000000
v 0.825000 0.200000 1.000000
v 0.825000 0.400000 1.000000
v 0.900000 0.000000 1.000000
v 0.900000 0.200000 1.000000
v 0.900000 0.400000 1.000000
v 0.975000 0.000000 1.000000
v 0.975000 0.200000 1.000000
v 0.975000 0.400000 1.000000
v 1.050000 0.000000 1.000000
v 1.050000 0.200000 1.000000
v 1.050000 0.400000 1.000000
v 1.125000 0.000000 1.000000
v 1.125000 0.200000 1.000000
v 1.125000 0.400000 1.000000
v 1.200000 0.000000 1.000000
v 1.200000 0.200000 1.000000
v 1.200000 0.400000 1.000000
v 1.275000 0.000000 1.000000
v 1.275000 0.200000 1.000000
v 1.275000 0.400000 1.000000
v 1.350000 0.000000 1.000000
v 1.350000 0.200000 1.000000
v 1.350000 0.400000 1.000000
v 1.425000 0.000000 1.000000
v 1.425000 0.200000 1.000000
v 1.425000 0.400000 1.000000
v 1.500000 0.000000 1.000000
v 1.500000 0.200000 1.000000
v 1.500000 0.400000 1.000000
v 1.575000 0.000000 1.000000
v 1.575000 0.200000 1.000000
v 1.575000 0.400000 1.000000
v 1.650000 0.000000 1.000000
v 1.650000 0.200000 1.000000
v 1.650000 0.400000 1.000000
v 1.725000 0.000000 1.000000
v 1.725000 0.200000 1.000000
v 1.725000 0.400000 1.000000
v 1.800000 0.000000 1.000000
v 1.800000 0.200000 1.000000
v 1.800000 0.400000 1.000000
v 1.875000 0.000000 1.000000
v 1.875000 0.200000 1.000000
v 1.875000 0.400000 1.000000
v -1.725000 0.400000 1.000000
v -1.725000 0.600000 1.000000
v -1.725000 0.800000 1.000000
v -1.725000 1.000000 1.000000
v -1.725000 1.200000 1.000000
v -1.650000 0.400000 1.000000
v -1.650000 0.600000 1.000000
v -1.650000 0.800000 1.000000
v -1.650000 1.000000 1.000000
v -1.650000 1.200000 1.000000
v -1.575000 0.400000 1.000000
v -1.575000 0.600000 1.000000
v -1.575000 0.800000 1.000000
v -1.575000 1.000000 1.000000
v -1.575000 1.200000 1.000000
v -1.425000 0.400000 1.000000
v -1.425000 0.600000 1.000000
v -1.425000 0.800000 1.000000
v -1.425000 1.000000 1.000000
v -1.425000 1.200000 1.000000
v -1.350000 0.400000 1.000000
v -1.350000 0.600000 1.000000
v -1.350000 0.800000 1.000000
v -1.350000 1.000000 1.000000
v -1.350000 1.200000 1.000000
v -1.275000 0.400000 1.000000
v -1.275000 0.600000 1.000000
v -1.275000 0.800000 1.000000
v -1.275000 1.000000 1.000000
v -1.275000 1.200000 1.000000
v -1.125000 0.400000 1.000000
v -1.125000 0.600000 1.000000
v -1.125000 0.800000 1.000000
v -1.125000 1.000000 1.000000
v -1.125000 1.200000 1.000000
v -1.050000 0.400000 1.000000
v -1.050000 0.600000 1.000000
v -1.050000 0.800000 1.000000
v -1.050000 1.000000 1.000000
v -1.050000 1.200000 1.000000
v -0.975000 0.400000 1.000000
v -0.975000 0.600000 1.000000
v -0.975000 0.800000 1.000000
v -0.975000 1.000000 1.000000
v -0.975000 1.200000 1.000000
v -0.825000 0.400000 1.000000
v -0.825000 0.600000 1.000000
v -0.825000 0.800000 1.000000
v -0.825000 1.000000 1.000000
v -0.825000 1.200000 1.000000
v -0.750000 0.400000 1.000000
v -0.750000 0.600000 1.000000
v -0.750000 0.800000 1.000000
v -0.750000 1.000000 1.000000
v -0.750000 1.200000 1.000000
v -0.675000 0.400000 1.000000
v -0.675000 0.600000 1.000000
v -0.675000 0.800000 1.000000
v -0.675000 1.000000 1.000000
v -0.675000 1.200000 1.000000
v -0.525000 0.400000 1.000000
v -0.525000 0.600000 1.000000
v -0.525000 0.800000 1.000000
v -0.525000 1.000000 1.000000
v -0.525000 1.200000 1.000000
v -0.450000 0.400000 1.000000
v -0.450000 0.600000 1.000000
v -0.450000 0.800000 1.000000
v -0.450000 1.000000 1.000000
v -0.450000 1.200000 1.000000
v -0.375000 0.400000 1.000000
v -0.375000 0.600000 1.000000
v -0.375000 0.800000 1.000000
v -0.375000 1.000000 1.000000
v -0.375000 1.200000 1.000000
v -0.225000 0.400000 1.000000
v -0.225000 0.600000 1.000000
v -0.225000 0.800000 1.000000
v -0.225000 1.000000 1.000000
v -0.225000 1.200000 1.000000
v -0.150000 0.400000 1.000000
v -0.150000 0.600000 1.000000
v -0.150000 0.800000 1.000000
v -0.150000 1.000000 1.000000
v -0.150000 1.200000 1.000000
v -0.075000 0.400000 1.000000
v -0.075000 0.600000 1.000000
v -0.075000 0.800000 1.000000
v -0.075000 1.000000 1.000000
v -0.075000 1.200000 1.000000
v 0.075000 0.400000 1.000000
v 0.075000 0.600000 1.000000
v 0.075000 0.800000 1.000000
v 0.075000 1.000000 1.000000
v 0.075000 1.200000 1.000000
v 0.150000 0.400000 1.000000
v 0.150000 0.600000 1.000000
v 0.150000 0.800000 1.000000
v 0.150000 1.000000 1.000000
v 0.150000 1.200000 1.000000
v 0.225000 0.400000 1.000000
v 0.225000 0.600000 1.000000
v 0.225000 0.800000 1.000000
v 0.225000 1.000000 1.000000
v 0.225000 1.200000 1.000000
v 0.375000 0.400000 1.000000
v 0.375000 0.600000 1.000000
v 0.375000 0.800000 1.000000
v 0.375000 1.000000 1.000000
v 0.375000 1.200000 1.000000
v 0.450000 0.400000 1.000000
v 0.450000 0.600000 1.000000
v 0.450000 0.800000 1.000000
v 0.450000 1.000000 1.000000
v 0.450000 1.200000 1.000000
v 0.525000 0.400000 1.000000
v 0.525000 0.600000 1.000000
v 0.525000 0.800000 1.000000
v 0.525000 1.000000 1.000000
v 0.525000 1.200000 1.000000
v 0.675000 0.400000 1.000000
v 0.675000 0.600000 1.000000
v 0.675000 0.800000 1.000000
v 0.675000 1.000000 1.000000
v 0.675000 1.200000 1.000000
v 0.750000 0.400000 1.000000
v 0.750000 0.600000 1.000000
v 0.750000 0.800000 1.000000
v 0.750000 1.000000 1.000000
v 0.750000 1.200000 1.000000
v 0.825000 0.400000 1.000000
v 0.825000 0.600000 1.000000
v 0.825000 0.800000 1.000000
v 0.825000 1.000000 1.000000
v 0.825000 1.200000 1.000000
v 0.975000 0.400000 1.000000
v 0.975000 0.600000 1.000000
v 0.975000 0.800000 1.000000
v 0.975000 1.000000 1.000000
v 0.975000 1.200000 1.000000
v 1.050000 0.400000 1.000000
v 1.050000 0.600000 1.000000
v 1.050000 0.800000 1.000000
v 1.050000 1.000000 1.000000
v 1.050000 1.200000 1.000000
v 1.125000 0.400000 1.000000
v 1.125000 0.600000 1.000000
v 1.125000 0.800000 1.000000
v 1.125000 1.000000 1.000000
v 1.125000 1.200000 1.000000
v 1.275000 0.400000 1.000000
v 1.275000 0.600000 1.000000
v 1.275000 0.800000 1.000000
v 1.275000 1.000000 1.000000
v 1.275000 1.200000 1.000000
v 1.350000 0.400000 1.000000
v 1.350000 0.600000 1.000000
v 1.350000 0.800000 1.000000
v 1.350000 1.000000 1.000000
v 1.350000 1.200000 1.000000
v 1.425000 0.400000 1.000000
v 1.425000 0.600000 1.000000
v 1.425000 0.800000 1.000000
v 1.425000 1.000000 1.000000
v 1.425000 1.200000 1.000000
v 1.575000 0.400000 1.000000
v 1.575000 0.600000 1.000000
v 1.575000 0.800000 1.000000
v 1.575000 1.000000 1.000000
v 1.575000 1.200000 1.000000
v 1.650000 0.400000 1.000000
v 1.650000 0.600000 1.000000
v 1.650000 0.800000 1.000000
v 1.650000 1.000000 1.000000
v 1.650000 1.200000 1.000000
v 1.725000 0.400000 1.000000
v 1.725000 0.600000 1.000000
v 1.725000 0.800000 1.000000
v 1.725000 1.000000 1.000000
v 1.725000 1.200000 1.000000
vt 0.011719 0.011719
vt 0.011719 0.041146
vt 0.011719 0.070573
vt 0.011719 0.100000
vt 0.011719 0.129427
vt 0.011719 0.158854
vt 0.011719 0.188281
vt 0.014583 0.011719
vt 0.014583 0.041146
vt 0.014583 0.070573
vt 0.014583 0.100000
vt 0.014583 0.129427
vt 0.014583 0.158854
vt 0.014583 0.188281
vt 0.017448 0.011719
vt 0.017448 0.041146
vt 0.017448 0.070573
vt 0.017448 0.100000
vt 0.017448 0.129427
vt 0.017448 0.158854
vt 0.017448 0.188281
vt 0.020312 0.011719
vt 0.020312 0.041146
vt 0.020312 0.070573
vt 0.020312 0.100000
vt 0.020312 0.129427
vt 0.020312 0.158854
vt 0.020312 0.188281
vt 0.023177 0.011719
vt 0.023177 0.041146
vt 0.023177 0.070573
vt 0.023177 0.100000
vt 0.023177 0.129427
vt 0.023177 0.158854
vt 0.023177 0.188281
vt 0.026042 0.011719
vt 0.026042 0.041146
vt 0.026042 0.070573
vt 0.026042 0.100000
vt 0.026042 0.129427
vt 0.026042 0.158854
vt 0.026042 0.188281
vt 0.028906 0.011719
vt 0.028906 0.041146
vt 0.028906 0.070573
vt 0.028906 0.100000
vt 0.028906 0.129427
vt 0.028906 0.158854
vt 0.028906 0.188281
vt 0.031771 0.011719
vt 0.031771 0.041146
vt 0.031771 0.070573
vt 0.031771 0.100000
vt 0.031771 0.129427
vt 0.031771 0.158854
vt 0.031771 0.188281
vt 0.034635 0.011719
vt 0.034635 0.041146
vt 0.034635 0.070573
vt 0.034635 0.100000
vt 0.034635 0.129427
vt 0.034635 0.158854
vt 0.034635 0.188281
vt 0.037500 0.011719
vt 0.037500 0.041146
vt 0.037500 0.070573
vt 0.037500 0.100000
vt 0.037500 0.129427
vt 0.037500 0.158854
vt 0.037500 0.188281
vt 0.040365 0.011719
vt 0.040365 0.041146
vt 0.040365 0.070573
vt 0.040365 0.100000
vt 0.040365 0.129427
vt 0.040365 0.158854
vt 0.040365 0.188281
vt 0.043229 0.011719
vt 0.043229 0.041146
vt 0.043229 0.070573
vt 0.043229 0.100000
vt 0.043229 0.129427
vt 0.043229 0.158854
vt 0.043229 0.188281
vt 0.046094 0.011719
vt 0.046094 0.041146
vt 0.046094 0.070573
vt 0.046094 0.100000
vt 0.046094 0.129427
vt 0.046094 0.158854
vt 0.046094 0.188281
vt 0.048958 0.011719
vt 0.048958 0.041146
vt 0.048958 0.070573
vt 0.048958 0.100000
vt 0.048958 0.129427
vt 0.048958 0.158854
vt 0.048958 0.188281
vt 0.051823 0.011719
vt 0.051823 0.041146
vt 0.051823 0.070573
vt 0.051823 0.100000
vt 0.051823 0.129427
vt 0.051823 0.158854
vt 0.051823 0.188281
vt 0.054687 0.011719
vt 0.054687 0.041146
vt 0.054687 0.070573
vt 0.054687 0.100000
vt 0.054687 0.129427
vt 0.054687 0.158854
vt 0.054687 0.188281
vt 0.057552 0.011719
vt 0.057552 0.041146
vt 0.057552 0.070573
vt 0.057552 0.100000
vt 0.057552 0.129427
vt 0.057552 0.158854
vt 0.057552 0.188281
vt 0.060417 0.011719
vt 0.060417 0.041146
vt 0.060417 0.070573
vt 0.060417 0.100000
vt 0.060417 0.129427
vt 0.060417 0.158854
vt 0.060417 0.188281
vt 0.063281 0.011719
vt 0.063281 0.041146
vt 0.063281 0.070573
vt 0.063281 0.100000
vt 0.063281 0.129427
vt 0.063281 0.158854
vt 0.063281 0.188281
vt 0.066146 0.011719
vt 0.066146 0.041146
vt 0.066146 0.070573
vt 0.066146 0.100000
vt 0.066146 0.129427
vt 0.066146 0.158854
vt 0.066146 0.188281
vt 0.069010 0.011719
vt 0.069010 0.041146
vt 0.069010 0.070573
vt 0.069010 0.100000
vt 0.069010 0.129427
vt 0.069010 0.158854
vt 0.069010 0.188281
vt 0.071875 0.011719
vt 0.071875 0.041146
vt 0.071875 0.070573
vt 0.071875 0.100000
vt 0.071875 0.129427
vt 0.071875 0.158854
vt 0.071875 0.188281
vt 0.074740 0.011719
vt 0.074740 0.041146
vt 0.074740 0.070573
vt 0.074740 0.100000
vt 0.074740 0.129427
vt 0.074740 0.158854
vt 0.074740 0.188281
vt 0.077604 0.011719
vt 0.077604 0.041146
vt 0.077604 0.070573
vt 0.077604 0.100000
vt 0.077604 0.129427
vt 0.077604 0.158854
vt 0.077604 0.188281
vt 0.080469 0.011719
vt 0.080469 0.041146
vt 0.080469 0.070573
vt 0.080469 0.100000
vt 0.080469 0.129427
vt 0.080469 0.158854
vt 0.080469 0.188281
vt 0.083333 0.011719
vt 0.083333 0.041146
vt 0.083333 0.070573
vt 0.083333 0.100000
vt 0.083333 0.129427
vt 0.083333 0.158854
vt 0.083333 0.188281
vt 0.086198 0.011719
vt 0.086198 0.041146
vt 0.086198 0.070573
vt 0.086198 0.100000
vt 0.086198 0.129427
vt 0.086198 0.158854
vt 0.086198 0.188281
vt 0.089063 0.011719
vt 0.089063 0.041146
vt 0.089063 0.070573
vt 0.089063 0.100000
vt 0.089063 0.129427
vt 0.089063 0.158854
vt 0.089063 0.188281
vt 0.091927 0.011719
vt 0.091927 0.041146
vt 0.091927 0.070573
vt 0.091927 0.100000
vt 0.091927 0.129427
vt 0.091927 0.158854
vt 0.091927 0.188281
vt 0.094792 0.011719
vt 0.094792 0.041146
vt 0.094792 0.070573
vt 0.094792 0.100000
vt 0.094792 0.129427
vt 0.094792 0.158854
vt 0.094792 0.188281
vt 0.097656 0.011719
vt 0.097656 0.041146
vt 0.097656 0.070573
vt 0.097656 0.100000
vt 0.097656 0.129427
vt 0.097656 0.158854
vt 0.097656 0.188281
vt 0.100521 0.011719
vt 0.100521 0.041146
vt 0.100521 0.070573
vt 0.100521 0.100000
vt 0.100521 0.129427
vt 0.100521 0.158854
vt 0.100521 0.188281
vt 0.103385 0.011719
vt 0.103385 0.041146
vt 0.103385 0.070573
vt 0.103385 0.100000
vt 0.103385 0.129427
vt 0.103385 0.158854
vt 0.103385 0.188281
vt 0.106250 0.011719
vt 0.106250 0.041146
vt 0.106250 0.070573
vt 0.106250 0.100000
vt 0.106250 0.129427
vt 0.106250 0.158854
vt 0.106250 0.188281
vt 0.109115 0.011719
vt 0.109115 0.041146
vt 0.109115 0.070573
vt 0.109115 0.100000
vt 0.109115 0.129427
vt 0.109115 0.158854
vt 0.109115 0.188281
vt 0.111979 0.011719
vt 0.111979 0.041146
vt 0.111979 0.070573
vt 0.111979 0.100000
vt 0.111979 0.129427
vt 0.111979 0.158854
vt 0.111979 0.188281
vt 0.114844 0.011719
vt 0.114844 0.041146
vt 0.114844 0.070573
vt 0.114844 0.100000
vt 0.114844 0.129427
vt 0.114844 0.158854
vt 0.114844 0.188281
vt 0.117708 0.011719
vt 0.117708 0.041146
vt 0.117708 0.070573
vt 0.117708 0.100000
vt 0.117708 0.129427
vt 0.117708 0.158854
vt 0.117708 0.188281
vt 0.120573 0.011719
vt 0.120573 0.041146
vt 0.120573 0.070573
vt 0.120573 0.100000
vt 0.120573 0.129427
vt 0.120573 0.158854
vt 0.120573 0.188281
vt 0.123437 0.011719
vt 0.123437 0.041146
vt 0.123437 0.070573
vt 0.123437 0.100000
vt 0.123437 0.129427
vt 0.123437 0.158854
vt 0.123437 0.188281
vt 0.126302 0.011719
vt 0.126302 0.041146
vt 0.126302 0.070573
vt 0.126302 0.100000
vt 0.126302 0.129427
vt 0.126302 0.158854
vt 0.126302 0.188281
vt 0.129167 0.011719
vt 0.129167 0.041146
vt 0.129167 0.070573
vt 0.129167 0.100000
vt 0.129167 0.129427
vt 0.129167 0.158854
vt 0.129167 0.188281
vt 0.132031 0.011719
vt 0.132031 0.041146
vt 0.132031 0.070573
vt 0.132031 0.100000
vt 0.132031 0.129427
vt 0.132031 0.158854
vt 0.132031 0.188281
vt 0.134896 0.011719
vt 0.134896 0.041146
vt 0.134896 0.070573
vt 0.134896 0.100000
vt 0.134896 0.129427
vt 0.134896 0.158854
vt 0.134896 0.188281
vt 0.137760 0.011719
vt 0.137760 0.041146
vt 0.137760 0.070573
vt 0.137760 0.100000
vt 0.137760 0.129427
vt 0.137760 0.158854
vt 0.137760 0.188281
vt 0.140625 0.011719
vt 0.140625 0.041146
vt 0.140625 0.070573
vt 0.140625 0.100000
vt 0.140625 0.129427
vt 0.140625 0.158854
vt 0.140625 0.188281
vt 0.143490 0.011719
vt 0.143490 0.041146
vt 0.143490 0.070573
vt 0.143490 0.100000
vt 0.143490 0.129427
vt 0.143490 0.158854
vt 0.143490 0.188281
vt 0.146354 0.011719
vt 0.146354 0.041146
vt 0.146354 0.070573
vt 0.146354 0.100000
vt 0.146354 0.129427
vt 0.146354 0.158854
vt 0.146354 0.188281
vt 0.149219 0.011719
vt 0.149219 0.041146
vt 0.149219 0.070573
vt 0.149219 0.100000
vt 0.149219 0.129427
vt 0.149219 0.158854
vt 0.149219 0.188281
vt 0.152083 0.011719
vt 0.152083 0.041146
vt 0.152083 0.070573
vt 0.152083 0.100000
vt 0.152083 0.129427
vt 0.152083 0.158854
vt 0.152083 0.188281
vt 0.154948 0.011719
vt 0.154948 0.041146
vt 0.154948 0.070573
vt 0.154948 0.100000
vt 0.154948 0.129427
vt 0.154948 0.158854
vt 0.154948 0.188281
vt 0.178385 0.011719
vt 0.178385 0.041146
vt 0.178385 0.070573
vt 0.178385 0.100000
vt 0.178385 0.129427
vt 0.178385 0.158854
vt 0.178385 0.188281
vt 0.250000 0.011719
vt 0.250000 0.041146
vt 0.250000 0.070573
vt 0.250000 0.100000
vt 0.250000 0.129427
vt 0.250000 0.158854
vt 0.250000 0.188281
vt 0.321615 0.011719
vt 0.321615 0.041146
vt 0.321615 0.070573
vt 0.321615 0.100000
vt 0.321615 0.129427
vt 0.321615 0.158854
vt 0.321615 0.188281
vt 0.345052 0.011719
vt 0.345052 0.041146
vt 0.345052 0.070573
vt 0.345052 0.100000
vt 0.345052 0.129427
vt 0.345052 0.158854
vt 0.345052 0.188281
vt 0.416667 0.011719
vt 0.416667 0.041146
vt 0.416667 0.070573
vt 0.416667 0.100000
vt 0.416667 0.129427
vt 0.416667 0.158854
vt 0.416667 0.188281
vt 0.488281 0.011719
vt 0.488281 0.041146
vt 0.488281 0.070573
vt 0.488281 0.100000
vt 0.488281 0.129427
vt 0.488281 0.158854
vt 0.488281 0.188281
vt 0.845052 0.011719
vt 0.845052 0.041146
vt 0.845052 0.070573
vt 0.845052 0.100000
vt 0.845052 0.129427
vt 0.845052 0.158854
vt 0.845052 0.188281
vt 0.916667 0.011719
vt 0.916667 0.041146
vt 0.916667 0.070573
vt 0.916667 0.100000
vt 0.916667 0.129427
vt 0.916667 0.158854
vt 0.916667 0.188281
vt 0.988281 0.011719
vt 0.988281 0.041146
vt 0.988281 0.070573
vt 0.988281 0.100000
vt 0.988281 0.129427
vt 0.988281 0.158854
vt 0.988281 0.188281
vt 0.011719 0.211719
vt 0.011719 0.241146
vt 0.011719 0.270573
vt 0.011719 0.300000
vt 0.011719 0.329427
vt 0.011719 0.358854
vt 0.011719 0.388281
vt 0.083333 0.211719
vt 0.083333 0.241146
vt 0.083333 0.270573
vt 0.083333 0.300000
vt 0.083333 0.329427
vt 0.083333 0.358854
vt 0.083333 0.388281
vt 0.154948 0.211719
vt 0.154948 0.241146
vt 0.154948 0.270573
vt 0.154948 0.300000
vt 0.154948 0.329427
vt 0.154948 0.358854
vt 0.154948 0.388281
vt 0.178385 0.211719
vt 0.178385 0.241146
vt 0.178385 0.270573
vt 0.178385 0.300000
vt 0.178385 0.329427
vt 0.178385 0.358854
vt 0.178385 0.388281
vt 0.250000 0.211719
vt 0.250000 0.241146
vt 0.250000 0.270573
vt 0.250000 0.300000
vt 0.250000 0.329427
vt 0.250000 0.358854
vt 0.250000 0.388281
vt 0.321615 0.211719
vt 0.321615 0.241146
vt 0.321615 0.270573
vt 0.321615 0.300000
vt 0.321615 0.329427
vt 0.321615 0.358854
vt 0.321615 0.388281
vt 0.345052 0.211719
vt 0.345052 0.241146
vt 0.345052 0.270573
vt 0.345052 0.300000
vt 0.345052 0.329427
vt 0.345052 0.358854
vt 0.345052 0.388281
vt 0.416667 0.211719
vt 0.416667 0.241146
vt 0.416667 0.270573
vt 0.416667 0.300000
vt 0.416667 0.329427
vt 0.416667 0.358854
vt 0.416667 0.388281
vt 0.488281 0.211719
vt 0.488281 0.241146
vt 0.488281 0.270573
vt 0.488281 0.300000
vt 0.488281 0.329427
vt 0.488281 0.358854
vt 0.488281 0.388281
vt 0.511719 0.211719
vt 0.511719 0.241146
vt 0.511719 0.270573
vt 0.511719 0.300000
vt 0.511719 0.329427
vt 0.511719 0.358854
vt 0.511719 0.388281
vt 0.583333 0.211719
vt 0.583333 0.241146
vt 0.583333 0.270573
vt 0.583333 0.300000
vt 0.583333 0.329427
vt 0.583333 0.358854
vt 0.583333 0.388281
vt 0.654948 0.211719
vt 0.654948 0.241146
vt 0.654948 0.270573
vt 0.654948 0.300000
vt 0.654948 0.329427
vt 0.654948 0.358854
vt 0.654948 0.388281
vt 0.678385 0.211719
vt 0.678385 0.241146
vt 0.678385 0.270573
vt 0.678385 0.300000
vt 0.678385 0.329427
vt 0.678385 0.358854
vt 0.678385 0.388281
vt 0.750000 0.211719
vt 0.750000 0.241146
vt 0.750000 0.270573
vt 0.750000 0.300000
vt 0.750000 0.329427
vt 0.750000 0.358854
vt 0.750000 0.388281
vt 0.821615 0.211719
vt 0.821615 0.241146
vt 0.821615 0.270573
vt 0.821615 0.300000
vt 0.821615 0.329427
vt 0.821615 0.358854
vt 0.821615 0.388281
vt 0.845052 0.211719
vt 0.845052 0.241146
vt 0.845052 0.270573
vt 0.845052 0.300000
vt 0.845052 0.329427
vt 0.845052 0.358854
vt 0.845052 0.388281
vt 0.916667 0.211719
vt 0.916667 0.241146
vt 0.916667 0.270573
vt 0.916667 0.300000
vt 0.916667 0.329427
vt 0.916667 0.358854
vt 0.916667 0.388281
vt 0.988281 0.211719
vt 0.988281 0.241146
vt 0.988281 0.270573
vt 0.988281 0.300000
vt 0.988281 0.329427
vt 0.988281 0.358854
vt 0.988281 0.388281
vt 0.011719 0.411719
vt 0.011719 0.441146
vt 0.011719 0.470573
vt 0.011719 0.500000
vt 0.011719 0.529427
vt 0.011719 0.558854
vt 0.011719 0.588281
vt 0.083333 0.411719
vt 0.083333 0.441146
vt 0.083333 0.470573
vt 0.083333 0.500000
vt 0.083333 0.529427
vt 0.083333 0.558854
vt 0.083333 0.588281
vt 0.154948 0.411719
vt 0.154948 0.441146
vt 0.154948 0.470573
vt 0.154948 0.500000
vt 0.154948 0.529427
vt 0.154948 0.558854
vt 0.154948 0.588281
vt 0.178385 0.411719
vt 0.178385 0.441146
vt 0.178385 0.470573
vt 0.178385 0.500000
vt 0.178385 0.529427
vt 0.178385 0.558854
vt 0.178385 0.588281
vt 0.250000 0.411719
vt 0.250000 0.441146
vt 0.250000 0.470573
vt 0.250000 0.500000
vt 0.250000 0.529427
vt 0.250000 0.558854
vt 0.250000 0.588281
vt 0.321615 0.411719
vt 0.321615 0.441146
vt 0.321615 0.470573
vt 0.321615 0.500000
vt 0.321615 0.529427
vt 0.321615 0.558854
vt 0.321615 0.588281
vt 0.345052 0.411719
vt 0.345052 0.441146
vt 0.345052 0.470573
vt 0.345052 0.500000
vt 0.345052 0.529427
vt 0.345052 0.558854
vt 0.345052 0.588281
vt 0.416667 0.411719
vt 0.416667 0.441146
vt 0.416667 0.470573
vt 0.416667 0.500000
vt 0.416667 0.529427
vt 0.416667 0.558854
vt 0.416667 0.588281
vt 0.488281 0.411719
vt 0.488281 0.441146
vt 0.488281 0.470573
vt 0.488281 0.500000
vt 0.488281 0.529427
vt 0.488281 0.558854
vt 0.488281 0.588281
vt 0.511719 0.411719
vt 0.511719 0.441146
vt 0.511719 0.470573
vt 0.511719 0.500000
vt 0.511719 0.529427
vt 0.511719 0.558854
vt 0.511719 0.588281
vt 0.583333 0.411719
vt 0.583333 0.441146
vt 0.583333 0.470573
vt 0.583333 0.500000
vt 0.583333 0.529427
vt 0.583333 0.558854
vt 0.583333 0.588281
vt 0.654948 0.411719
vt 0.654948 0.441146
vt 0.654948 0.470573
vt 0.654948 0.500000
vt 0.654948 0.529427
vt 0.654948 0.558854
vt 0.654948 0.588281
vt 0.678385 0.411719
vt 0.678385 0.441146
vt 0.678385 0.470573
vt 0.678385 0.500000
vt 0.678385 0.529427
vt 0.678385 0.558854
vt 0.678385 0.588281
vt 0.750000 0.411719
vt 0.750000 0.441146
vt 0.750000 0.470573
vt 0.750000 0.500000
vt 0.750000 0.529427
vt 0.750000 0.558854
vt 0.750000 0.588281
vt 0.821615 0.411719
vt 0.821615 0.441146
vt 0.821615 0.470573
vt 0.821615 0.500000
vt 0.821615 0.529427
vt 0.821615 0.558854
vt 0.821615 0.588281
vt 0.845052 0.411719
vt 0.845052 0.441146
vt 0.845052 0.470573
vt 0.845052 0.500000
vt 0.845052 0.529427
vt 0.845052 0.558854
vt 0.845052 0.588281
vt 0.916667 0.411719
vt 0.916667 0.441146
vt 0.916667 0.470573
vt 0.916667 0.500000
vt 0.916667 0.529427
vt 0.916667 0.558854
vt 0.916667 0.588281
vt 0.988281 0.411719
vt 0.988281 0.441146
vt 0.988281 0.470573
vt 0.988281 0.500000
vt 0.988281 0.529427
vt 0.988281 0.558854
vt 0.988281 0.588281
vt 0.011719 0.611719
vt 0.011719 0.641146
vt 0.011719 0.670573
vt 0.011719 0.700000
vt 0.011719 0.729427
vt 0.011719 0.758854
vt 0.011719 0.788281
vt 0.028088 0.611719
vt 0.028088 0.641146
vt 0.028088 0.670573
vt 0.028088 0.700000
vt 0.028088 0.729427
vt 0.028088 0.758854
vt 0.028088 0.788281
vt 0.044457 0.611719
vt 0.044457 0.641146
vt 0.044457 0.670573
vt 0.044457 0.700000
vt 0.044457 0.729427
vt 0.044457 0.758854
vt 0.044457 0.788281
vt 0.060826 0.611719
vt 0.060826 0.641146
vt 0.060826 0.670573
vt 0.060826 0.700000
vt 0.060826 0.729427
vt 0.060826 0.758854
vt 0.060826 0.788281
vt 0.077195 0.611719
vt 0.077195 0.641146
vt 0.077195 0.670573
vt 0.077195 0.700000
vt 0.077195 0.729427
vt 0.077195 0.758854
vt 0.077195 0.788281
vt 0.077195 0.611719
vt 0.077195 0.641146
vt 0.077195 0.670573
vt 0.077195 0.700000
vt 0.077195 0.729427
vt 0.077195 0.758854
vt 0.077195 0.788281
vt 0.083333 0.611719
vt 0.083333 0.641146
vt 0.083333 0.670573
vt 0.083333 0.700000
vt 0.083333 0.729427
vt 0.083333 0.758854
vt 0.083333 0.788281
vt 0.089472 0.611719
vt 0.089472 0.641146
vt 0.089472 0.670573
vt 0.089472 0.700000
vt 0.089472 0.729427
vt 0.089472 0.758854
vt 0.089472 0.788281
vt 0.089472 0.611719
vt 0.089472 0.641146
vt 0.089472 0.670573
vt 0.089472 0.700000
vt 0.089472 0.729427
vt 0.089472 0.758854
vt 0.089472 0.788281
vt 0.105841 0.611719
vt 0.105841 0.641146
vt 0.105841 0.670573
vt 0.105841 0.700000
vt 0.105841 0.729427
vt 0.105841 0.758854
vt 0.105841 0.788281
vt 0.122210 0.611719
vt 0.122210 0.641146
vt 0.122210 0.670573
vt 0.122210 0.700000
vt 0.122210 0.729427
vt 0.122210 0.758854
vt 0.122210 0.788281
vt 0.138579 0.611719
vt 0.138579 0.641146
vt 0.138579 0.670573
vt 0.138579 0.700000
vt 0.138579 0.729427
vt 0.138579 0.758854
vt 0.138579 0.788281
vt 0.154948 0.611719
vt 0.154948 0.641146
vt 0.154948 0.670573
vt 0.154948 0.700000
vt 0.154948 0.729427
vt 0.154948 0.758854
vt 0.154948 0.788281
vt 0.178385 0.611719
vt 0.178385 0.641146
vt 0.178385 0.670573
vt 0.178385 0.700000
vt 0.178385 0.729427
vt 0.178385 0.758854
vt 0.178385 0.788281
vt 0.194754 0.611719
vt 0.194754 0.641146
vt 0.194754 0.670573
vt 0.194754 0.700000
vt 0.194754 0.729427
vt 0.194754 0.758854
vt 0.194754 0.788281
vt 0.211124 0.611719
vt 0.211124 0.641146
vt 0.211124 0.670573
vt 0.211124 0.700000
vt 0.211124 0.729427
vt 0.211124 0.758854
vt 0.211124 0.788281
vt 0.227493 0.611719
vt 0.227493 0.641146
vt 0.227493 0.670573
vt 0.227493 0.700000
vt 0.227493 0.729427
vt 0.227493 0.758854
vt 0.227493 0.788281
vt 0.243862 0.611719
vt 0.243862 0.641146
vt 0.243862 0.670573
vt 0.243862 0.700000
vt 0.243862 0.729427
vt 0.243862 0.758854
vt 0.243862 0.788281
vt 0.243862 0.611719
vt 0.243862 0.641146
vt 0.243862 0.670573
vt 0.243862 0.700000
vt 0.243862 0.729427
vt 0.243862 0.758854
vt 0.243862 0.788281
vt 0.250000 0.611719
vt 0.250000 0.641146
vt 0.250000 0.670573
vt 0.250000 0.700000
vt 0.250000 0.729427
vt 0.250000 0.758854
vt 0.250000 0.788281
vt 0.256138 0.611719
vt 0.256138 0.641146
vt 0.256138 0.670573
vt 0.256138 0.700000
vt 0.256138 0.729427
vt 0.256138 0.758854
vt 0.256138 0.788281
vt 0.256138 0.611719
vt 0.256138 0.641146
vt 0.256138 0.670573
vt 0.256138 0.700000
vt 0.256138 0.729427
vt 0.256138 0.758854
vt 0.256138 0.788281
vt 0.272507 0.611719
vt 0.272507 0.641146
vt 0.272507 0.670573
vt 0.272507 0.700000
vt 0.272507 0.729427
vt 0.272507 0.758854
vt 0.272507 0.788281
vt 0.288876 0.611719
vt 0.288876 0.641146
vt 0.288876 0.670573
vt 0.288876 0.700000
vt 0.288876 0.729427
vt 0.288876 0.758854
vt 0.288876 0.788281
vt 0.305246 0.611719
vt 0.305246 0.641146
vt 0.305246 0.670573
vt 0.305246 0.700000
vt 0.305246 0.729427
vt 0.305246 0.758854
vt 0.305246 0.788281
vt 0.321615 0.611719
vt 0.321615 0.641146
vt 0.321615 0.670573
vt 0.321615 0.700000
vt 0.321615 0.729427
vt 0.321615 0.758854
vt 0.321615 0.788281
vt 0.345052 0.611719
vt 0.345052 0.641146
vt 0.345052 0.670573
vt 0.345052 0.700000
vt 0.345052 0.729427
vt 0.345052 0.758854
vt 0.345052 0.788281
vt 0.361421 0.611719
vt 0.361421 0.641146
vt 0.361421 0.670573
vt 0.361421 0.700000
vt 0.361421 0.729427
vt 0.361421 0.758854
vt 0.361421 0.788281
vt 0.377790 0.611719
vt 0.377790 0.641146
vt 0.377790 0.670573
vt 0.377790 0.700000
vt 0.377790 0.729427
vt 0.377790 0.758854
vt 0.377790 0.788281
vt 0.394159 0.611719
vt 0.394159 0.641146
vt 0.394159 0.670573
vt 0.394159 0.700000
vt 0.394159 0.729427
vt 0.394159 0.758854
vt 0.394159 0.788281
vt 0.410528 0.611719
vt 0.410528 0.641146
vt 0.410528 0.670573
vt 0.410528 0.700000
vt 0.410528 0.729427
vt 0.410528 0.758854
vt 0.410528 0.788281
vt 0.410528 0.611719
vt 0.410528 0.641146
vt 0.410528 0.670573
vt 0.410528 0.700000
vt 0.410528 0.729427
vt 0.410528 0.758854
vt 0.410528 0.788281
vt 0.416667 0.611719
vt 0.416667 0.641146
vt 0.416667 0.670573
vt 0.416667 0.700000
vt 0.416667 0.729427
vt 0.416667 0.758854
vt 0.416667 0.788281
vt 0.422805 0.611719
vt 0.422805 0.641146
vt 0.422805 0.670573
vt 0.422805 0.700000
vt 0.422805 0.729427
vt 0.422805 0.758854
vt 0.422805 0.788281
vt 0.422805 0.611719
vt 0.422805 0.641146
vt 0.422805 0.670573
vt 0.422805 0.700000
vt 0.422805 0.729427
vt 0.422805 0.758854
vt 0.422805 0.788281
vt 0.439174 0.611719
vt 0.439174 0.641146
vt 0.439174 0.670573
vt 0.439174 0.700000
vt 0.439174 0.729427
vt 0.439174 0.758854
vt 0.439174 0.788281
vt 0.455543 0.611719
vt 0.455543 0.641146
vt 0.455543 0.670573
vt 0.455543 0.700000
vt 0.455543 0.729427
vt 0.455543 0.758854
vt 0.455543 0.788281
vt 0.471912 0.611719
vt 0.471912 0.641146
vt 0.471912 0.670573
vt 0.471912 0.700000
vt 0.471912 0.729427
vt 0.471912 0.758854
vt 0.471912 0.788281
vt 0.488281 0.611719
vt 0.488281 0.641146
vt 0.488281 0.670573
vt 0.488281 0.700000
vt 0.488281 0.729427
vt 0.488281 0.758854
vt 0.488281 0.788281
vt 0.511719 0.611719
vt 0.511719 0.641146
vt 0.511719 0.670573
vt 0.511719 0.700000
vt 0.511719 0.729427
vt 0.511719 0.758854
vt 0.511719 0.788281
vt 0.528088 0.611719
vt 0.528088 0.641146
vt 0.528088 0.670573
vt 0.528088 0.700000
vt 0.528088 0.729427
vt 0.528088 0.758854
vt 0.528088 0.788281
vt 0.544457 0.611719
vt 0.544457 0.641146
vt 0.544457 0.670573
vt 0.544457 0.700000
vt 0.544457 0.729427
vt 0.544457 0.758854
vt 0.544457 0.788281
vt 0.560826 0.611719
vt 0.560826 0.641146
vt 0.560826 0.670573
vt 0.560826 0.700000
vt 0.560826 0.729427
vt 0.560826 0.758854
vt 0.560826 0.788281
vt 0.577195 0.611719
vt 0.577195 0.641146
vt 0.577195 0.670573
vt 0.577195 0.700000
vt 0.577195 0.729427
vt 0.577195 0.758854
vt 0.577195 0.788281
vt 0.577195 0.611719
vt 0.577195 0.641146
vt 0.577195 0.670573
vt 0.577195 0.700000
vt 0.577195 0.729427
vt 0.577195 0.758854
vt 0.577195 0.788281
vt 0.583333 0.611719
vt 0.583333 0.641146
vt 0.583333 0.670573
vt 0.583333 0.700000
vt 0.583333 0.729427
vt 0.583333 0.758854
vt 0.583333 0.788281
vt 0.589472 0.611719
vt 0.589472 0.641146
vt 0.589472 0.670573
vt 0.589472 0.700000
vt 0.589472 0.729427
vt 0.589472 0.758854
vt 0.589472 0.788281
vt 0.589472 0.611719
vt 0.589472 0.641146
vt 0.589472 0.670573
vt 0.589472 0.700000
vt 0.589472 0.729427
vt 0.589472 0.758854
vt 0.589472 0.788281
vt 0.605841 0.611719
vt 0.605841 0.641146
vt 0.605841 0.670573
vt 0.605841 0.700000
vt 0.605841 0.729427
vt 0.605841 0.758854
vt 0.605841 0.788281
vt 0.622210 0.611719
vt 0.622210 0.641146
vt 0.622210 0.670573
vt 0.622210 0.700000
vt 0.622210 0.729427
vt 0.622210 0.758854
vt 0.622210 0.788281
vt 0.638579 0.611719
vt 0.638579 0.641146
vt 0.638579 0.670573
vt 0.638579 0.700000
vt 0.638579 0.729427
vt 0.638579 0.758854
vt 0.638579 0.788281
vt 0.654948 0.611719
vt 0.654948 0.641146
vt 0.654948 0.670573
vt 0.654948 0.700000
vt 0.654948 0.729427
vt 0.654948 0.758854
vt 0.654948 0.788281
vt 0.678385 0.611719
vt 0.678385 0.641146
vt 0.678385 0.670573
vt 0.678385 0.700000
vt 0.678385 0.729427
vt 0.678385 0.758854
vt 0.678385 0.788281
vt 0.694754 0.611719
vt 0.694754 0.641146
vt 0.694754 0.670573
vt 0.694754 0.700000
vt 0.694754 0.729427
vt 0.694754 0.758854
vt 0.694754 0.788281
vt 0.711124 0.611719
vt 0.711124 0.641146
vt 0.711124 0.670573
vt 0.711124 0.700000
vt 0.711124 0.729427
vt 0.711124 0.758854
vt 0.711124 0.788281
vt 0.727493 0.611719
vt 0.727493 0.641146
vt 0.727493 0.670573
vt 0.727493 0.700000
vt 0.727493 0.729427
vt 0.727493 0.758854
vt 0.727493 0.788281
vt 0.743862 0.611719
vt 0.743862 0.641146
vt 0.743862 0.670573
vt 0.743862 0.700000
vt 0.743862 0.729427
vt 0.743862 0.758854
vt 0.743862 0.788281
vt 0.743862 0.611719
vt 0.743862 0.641146
vt 0.743862 0.670573
vt 0.743862 0.700000
vt 0.743862 0.729427
vt 0.743862 0.758854
vt 0.743862 0.788281
vt 0.750000 0.611719
vt 0.750000 0.641146
vt 0.750000 0.670573
vt 0.750000 0.700000
vt 0.750000 0.729427
vt 0.750000 0.758854
vt 0.750000 0.788281
vt 0.756138 0.611719
vt 0.756138 0.641146
vt 0.756138 0.670573
vt 0.756138 0.700000
vt 0.756138 0.729427
vt 0.756138 0.758854
vt 0.756138 0.788281
vt 0.756138 0.611719
vt 0.756138 0.641146
vt 0.756138 0.670573
vt 0.756138 0.700000
vt 0.756138 0.729427
vt 0.756138 0.758854
vt 0.756138 0.788281
vt 0.772507 0.611719
vt 0.772507 0.641146
vt 0.772507 0.670573
vt 0.772507 0.700000
vt 0.772507 0.729427
vt 0.772507 0.758854
vt 0.772507 0.788281
vt 0.788876 0.611719
vt 0.788876 0.641146
vt 0.788876 0.670573
vt 0.788876 0.700000
vt 0.788876 0.729427
vt 0.788876 0.758854
vt 0.788876 0.788281
vt 0.805246 0.611719
vt 0.805246 0.641146
vt 0.805246 0.670573
vt 0.805246 0.700000
vt 0.805246 0.729427
vt 0.805246 0.758854
vt 0.805246 0.788281
vt 0.821615 0.611719
vt 0.821615 0.641146
vt 0.821615 0.670573
vt 0.821615 0.700000
vt 0.821615 0.729427
vt 0.821615 0.758854
vt 0.821615 0.788281
vt 0.845052 0.611719
vt 0.845052 0.641146
vt 0.845052 0.670573
vt 0.845052 0.700000
vt 0.845052 0.729427
vt 0.845052 0.758854
vt 0.845052 0.788281
vt 0.861421 0.611719
vt 0.861421 0.641146
vt 0.861421 0.670573
vt 0.861421 0.700000
vt 0.861421 0.729427
vt 0.861421 0.758854
vt 0.861421 0.788281
vt 0.877790 0.611719
vt 0.877790 0.641146
vt 0.877790 0.670573
vt 0.877790 0.700000
vt 0.877790 0.729427
vt 0.877790 0.758854
vt 0.877790 0.788281
vt 0.894159 0.611719
vt 0.894159 0.641146
vt 0.894159 0.670573
vt 0.894159 0.700000
vt 0.894159 0.729427
vt 0.894159 0.758854
vt 0.894159 0.788281
vt 0.910528 0.611719
vt 0.910528 0.641146
vt 0.910528 0.670573
vt 0.910528 0.700000
vt 0.910528 0.729427
vt 0.910528 0.758854
vt 0.910528 0.788281
vt 0.910528 0.611719
vt 0.910528 0.641146
vt 0.910528 0.670573
vt 0.910528 0.700000
vt 0.910528 0.729427
vt 0.910528 0.758854
vt 0.910528 0.788281
vt 0.916667 0.611719
vt 0.916667 0.641146
vt 0.916667 0.670573
vt 0.916667 0.700000
vt 0.916667 0.729427
vt 0.916667 0.758854
vt 0.916667 0.788281
vt 0.922805 0.611719
vt 0.922805 0.641146
vt 0.922805 0.670573
vt 0.922805 0.700000
vt 0.922805 0.729427
vt 0.922805 0.758854
vt 0.922805 0.788281
vt 0.922805 0.611719
vt 0.922805 0.641146
vt 0.922805 0.670573
vt 0.922805 0.700000
vt 0.922805 0.729427
vt 0.922805 0.758854
vt 0.922805 0.788281
vt 0.939174 0.611719
vt 0.939174 0.641146
vt 0.939174 0.670573
vt 0.939174 0.700000
vt 0.939174 0.729427
vt 0.939174 0.758854
vt 0.939174 0.788281
vt 0.955543 0.611719
vt 0.955543 0.641146
vt 0.955543 0.670573
vt 0.955543 0.700000
vt 0.955543 0.729427
vt 0.955543 0.758854
vt 0.955543 0.788281
vt 0.971912 0.611719
vt 0.971912 0.641146
vt 0.971912 0.670573
vt 0.971912 0.700000
vt 0.971912 0.729427
vt 0.971912 0.758854
vt 0.971912 0.788281
vt 0.988281 0.611719
vt 0.988281 0.641146
vt 0.988281 0.670573
vt 0.988281 0.700000
vt 0.988281 0.729427
vt 0.988281 0.758854
vt 0.988281 0.788281
vt 0.011719 0.811719
vt 0.011719 0.841146
vt 0.011719 0.870573
vt 0.011719 0.900000
vt 0.011719 0.929427
vt 0.011719 0.958854
vt 0.011719 0.988281
vt 0.028088 0.811719
vt 0.028088 0.841146
vt 0.028088 0.870573
vt 0.028088 0.900000
vt 0.028088 0.929427
vt 0.028088 0.958854
vt 0.028088 0.988281
vt 0.044457 0.811719
vt 0.044457 0.841146
vt 0.044457 0.870573
vt 0.044457 0.900000
vt 0.044457 0.929427
vt 0.044457 0.958854
vt 0.044457 0.988281
vt 0.060826 0.811719
vt 0.060826 0.841146
vt 0.060826 0.870573
vt 0.060826 0.900000
vt 0.060826 0.929427
vt 0.060826 0.958854
vt 0.060826 0.988281
vt 0.077195 0.811719
vt 0.077195 0.841146
vt 0.077195 0.870573
vt 0.077195 0.900000
vt 0.077195 0.929427
vt 0.077195 0.958854
vt 0.077195 0.988281
vt 0.077195 0.811719
vt 0.077195 0.841146
vt 0.077195 0.870573
vt 0.077195 0.900000
vt 0.077195 0.929427
vt 0.077195 0.958854
vt 0.077195 0.988281
vt 0.083333 0.811719
vt 0.083333 0.841146
vt 0.083333 0.870573
vt 0.083333 0.900000
vt 0.083333 0.929427
vt 0.083333 0.958854
vt 0.083333 0.988281
vt 0.089472 0.811719
vt 0.089472 0.841146
vt 0.089472 0.870573
vt 0.089472 0.900000
vt 0.089472 0.929427
vt 0.089472 0.958854
vt 0.089472 0.988281
vt 0.089472 0.811719
vt 0.089472 0.841146
vt 0.089472 0.870573
vt 0.089472 0.900000
vt 0.089472 0.929427
vt 0.089472 0.958854
vt 0.089472 0.988281
vt 0.105841 0.811719
vt 0.105841 0.841146
vt 0.105841 0.870573
vt 0.105841 0.900000
vt 0.105841 0.929427
vt 0.105841 0.958854
vt 0.105841 0.988281
vt 0.122210 0.811719
vt 0.122210 0.841146
vt 0.122210 0.870573
vt 0.122210 0.900000
vt 0.122210 0.929427
vt 0.122210 0.958854
vt 0.122210 0.988281
vt 0.138579 0.811719
vt 0.138579 0.841146
vt 0.138579 0.870573
vt 0.138579 0.900000
vt 0.138579 0.929427
vt 0.138579 0.958854
vt 0.138579 0.988281
vt 0.154948 0.811719
vt 0.154948 0.841146
vt 0.154948 0.870573
vt 0.154948 0.900000
vt 0.154948 0.929427
vt 0.154948 0.958854
vt 0.154948 0.988281
vt 0.178385 0.811719
vt 0.178385 0.841146
vt 0.178385 0.870573
vt 0.178385 0.900000
vt 0.178385 0.929427
vt 0.178385 0.958854
vt 0.178385 0.988281
vt 0.194754 0.811719
vt 0.194754 0.841146
vt 0.194754 0.870573
vt 0.194754 0.900000
vt 0.194754 0.929427
vt 0.194754 0.958854
vt 0.194754 0.988281
vt 0.211124 0.811719
vt 0.211124 0.841146
vt 0.211124 0.870573
vt 0.211124 0.900000
vt 0.211124 0.929427
vt 0.211124 0.958854
vt 0.211124 0.988281
vt 0.227493 0.811719
vt 0.227493 0.841146
vt 0.227493 0.870573
vt 0.227493 0.900000
vt 0.227493 0.929427
vt 0.227493 0.958854
vt 0.227493 0.988281
vt 0.243862 0.811719
vt 0.243862 0.841146
vt 0.243862 0.870573
vt 0.243862 0.900000
vt 0.243862 0.929427
vt 0.243862 0.958854
vt 0.243862 0.988281
vt 0.243862 0.811719
vt 0.243862 0.841146
vt 0.243862 0.870573
vt 0.243862 0.900000
vt 0.243862 0.929427
vt 0.243862 0.958854
vt 0.243862 0.988281
vt 0.250000 0.811719
vt 0.250000 0.841146
vt 0.250000 0.870573
vt 0.250000 0.900000
vt 0.250000 0.929427
vt 0.250000 0.958854
vt 0.250000 0.988281
vt 0.256138 0.811719
vt 0.256138 0.841146
vt 0.256138 0.870573
vt 0.256138 0.900000
vt 0.256138 0.929427
vt 0.256138 0.958854
vt 0.256138 0.988281
vt 0.256138 0.811719
vt 0.256138 0.841146
vt 0.256138 0.870573
vt 0.256138 0.900000
vt 0.256138 0.929427
vt 0.256138 0.958854
vt 0.256138 0.988281
vt 0.272507 0.811719
vt 0.272507 0.841146
vt 0.272507 0.870573
vt 0.272507 0.900000
vt 0.272507 0.929427
vt 0.272507 0.958854
vt 0.272507 0.988281
vt 0.288876 0.811719
vt 0.288876 0.841146
vt 0.288876 0.870573
vt 0.288876 0.900000
vt 0.288876 0.929427
vt 0.288876 0.958854
vt 0.288876 0.988281
vt 0.305246 0.811719
vt 0.305246 0.841146
vt 0.305246 0.870573
vt 0.305246 0.900000
vt 0.305246 0.929427
vt 0.305246 0.958854
vt 0.305246 0.988281
vt 0.321615 0.811719
vt 0.321615 0.841146
vt 0.321615 0.870573
vt 0.321615 0.900000
vt 0.321615 0.929427
vt 0.321615 0.958854
vt 0.321615 0.988281
vt 0.345052 0.811719
vt 0.345052 0.841146
vt 0.345052 0.870573
vt 0.345052 0.900000
vt 0.345052 0.929427
vt 0.345052 0.958854
vt 0.345052 0.988281
vt 0.361421 0.811719
vt 0.361421 0.841146
vt 0.361421 0.870573
vt 0.361421 0.900000
vt 0.361421 0.929427
vt 0.361421 0.958854
vt 0.361421 0.988281
vt 0.377790 0.811719
vt 0.377790 0.841146
vt 0.377790 0.870573
vt 0.377790 0.900000
vt 0.377790 0.929427
vt 0.377790 0.958854
vt 0.377790 0.988281
vt 0.394159 0.811719
vt 0.394159 0.841146
vt 0.394159 0.870573
vt 0.394159 0.900000
vt 0.394159 0.929427
vt 0.394159 0.958854
vt 0.394159 0.988281
vt 0.410528 0.811719
vt 0.410528 0.841146
vt 0.410528 0.870573
vt 0.410528 0.900000
vt 0.410528 0.929427
vt 0.410528 0.958854
vt 0.410528 0.988281
vt 0.410528 0.811719
vt 0.410528 0.841146
vt 0.410528 0.870573
vt 0.410528 0.900000
vt 0.410528 0.929427
vt 0.410528 0.958854
vt 0.410528 0.988281
vt 0.416667 0.811719
vt 0.416667 0.841146
vt 0.416667 0.870573
vt 0.416667 0.900000
vt 0.416667 0.929427
vt 0.416667 0.958854
vt 0.416667 0.988281
vt 0.422805 0.811719
vt 0.422805 0.841146
vt 0.422805 0.870573
vt 0.422805 0.900000
vt 0.422805 0.929427
vt 0.422805 0.958854
vt 0.422805 0.988281
vt 0.422805 0.811719
vt 0.422805 0.841146
vt 0.422805 0.870573
vt 0.422805 0.900000
vt 0.422805 0.929427
vt 0.422805 0.958854
vt 0.422805 0.988281
vt 0.439174 0.811719
vt 0.439174 0.841146
vt 0.439174 0.870573
vt 0.439174 0.900000
vt 0.439174 0.929427
vt 0.439174 0.958854
vt 0.439174 0.988281
vt 0.455543 0.811719
vt 0.455543 0.841146
vt 0.455543 0.870573
vt 0.455543 0.900000
vt 0.455543 0.929427
vt 0.455543 0.958854
vt 0.455543 0.988281
vt 0.471912 0.811719
vt 0.471912 0.841146
vt 0.471912 0.870573
vt 0.471912 0.900000
vt 0.471912 0.929427
vt 0.471912 0.958854
vt 0.471912 0.988281
vt 0.488281 0.811719
vt 0.488281 0.841146
vt 0.488281 0.870573
vt 0.488281 0.900000
vt 0.488281 0.929427
vt 0.488281 0.958854
vt 0.488281 0.988281
vt 0.511719 0.811719
vt 0.511719 0.841146
vt 0.511719 0.870573
vt 0.511719 0.900000
vt 0.511719 0.929427
vt 0.511719 0.958854
vt 0.511719 0.988281
vt 0.528088 0.811719
vt 0.528088 0.841146
vt 0.528088 0.870573
vt 0.528088 0.900000
vt 0.528088 0.929427
vt 0.528088 0.958854
vt 0.528088 0.988281
vt 0.544457 0.811719
vt 0.544457 0.841146
vt 0.544457 0.870573
vt 0.544457 0.900000
vt 0.544457 0.929427
vt 0.544457 0.958854
vt 0.544457 0.988281
vt 0.560826 0.811719
vt 0.560826 0.841146
vt 0.560826 0.870573
vt 0.560826 0.900000
vt 0.560826 0.929427
vt 0.560826 0.958854
vt 0.560826 0.988281
vt 0.577195 0.811719
vt 0.577195 0.841146
vt 0.577195 0.870573
vt 0.577195 0.900000
vt 0.577195 0.929427
vt 0.577195 0.958854
vt 0.577195 0.988281
vt 0.577195 0.811719
vt 0.577195 0.841146
vt 0.577195 0.870573
vt 0.577195 0.900000
vt 0.577195 0.929427
vt 0.577195 0.958854
vt 0.577195 0.988281
vt 0.583333 0.811719
vt 0.583333 0.841146
vt 0.583333 0.870573
vt 0.583333 0.900000
vt 0.583333 0.929427
vt 0.583333 0.958854
vt 0.583333 0.988281
vt 0.589472 0.811719
vt 0.589472 0.841146
vt 0.589472 0.870573
vt 0.589472 0.900000
vt 0.589472 0.929427
vt 0.589472 0.958854
vt 0.589472 0.988281
vt 0.589472 0.811719
vt 0.589472 0.841146
vt 0.589472 0.870573
vt 0.589472 0.900000
vt 0.589472 0.929427
vt 0.589472 0.958854
vt 0.589472 0.988281
vt 0.605841 0.811719
vt 0.605841 0.841146
vt 0.605841 0.870573
vt 0.605841 0.900000
vt 0.605841 0.929427
vt 0.605841 0.958854
vt 0.605841 0.988281
vt 0.622210 0.811719
vt 0.622210 0.841146
vt 0.622210 0.870573
vt 0.622210 0.900000
vt 0.622210 0.929427
vt 0.622210 0.958854
vt 0.622210 0.988281
vt 0.638579 0.811719
vt 0.638579 0.841146
vt 0.638579 0.870573
vt 0.638579 0.900000
vt 0.638579 0.929427
vt 0.638579 0.958854
vt 0.638579 0.988281
vt 0.654948 0.811719
vt 0.654948 0.841146
vt 0.654948 0.870573
vt 0.654948 0.900000
vt 0.654948 0.929427
vt 0.654948 0.958854
vt 0.654948 0.988281
vt 0.678385 0.811719
vt 0.678385 0.841146
vt 0.678385 0.870573
vt 0.678385 0.900000
vt 0.678385 0.929427
vt 0.678385 0.958854
vt 0.678385 0.988281
vt 0.694754 0.811719
vt 0.694754 0.841146
vt 0.694754 0.870573
vt 0.694754 0.900000
vt 0.694754 0.929427
vt 0.694754 0.958854
vt 0.694754 0.988281
vt 0.711124 0.811719
vt 0.711124 0.841146
vt 0.711124 0.870573
vt 0.711124 0.900000
vt 0.711124 0.929427
vt 0.711124 0.958854
vt 0.711124 0.988281
vt 0.727493 0.811719
vt 0.727493 0.841146
vt 0.727493 0.870573
vt 0.727493 0.900000
vt 0.727493 0.929427
vt 0.727493 0.958854
vt 0.727493 0.988281
vt 0.743862 0.811719
vt 0.743862 0.841146
vt 0.743862 0.870573
vt 0.743862 0.900000
vt 0.743862 0.929427
vt 0.743862 0.958854
vt 0.743862 0.988281
vt 0.743862 0.811719
vt 0.743862 0.841146
vt 0.743862 0.870573
vt 0.743862 0.900000
vt 0.743862 0.929427
vt 0.743862 0.958854
vt 0.743862 0.988281
vt 0.750000 0.811719
vt 0.750000 0.841146
vt 0.750000 0.870573
vt 0.750000 0.900000
vt 0.750000 0.929427
vt 0.750000 0.958854
vt 0.750000 0.988281
vt 0.756138 0.811719
vt 0.756138 0.841146
vt 0.756138 0.870573
vt 0.756138 0.900000
vt 0.756138 0.929427
vt 0.756138 0.958854
vt 0.756138 0.988281
vt 0.756138 0.811719
vt 0.756138 0.841146
vt 0.756138 0.870573
vt 0.756138 0.900000
vt 0.756138 0.929427
vt 0.756138 0.958854
vt 0.756138 0.988281
vt 0.772507 0.811719
vt 0.772507 0.841146
vt 0.772507 0.870573
vt 0.772507 0.900000
vt 0.772507 0.929427
vt 0.772507 0.958854
vt 0.772507 0.988281
vt 0.788876 0.811719
vt 0.788876 0.841146
vt 0.788876 0.870573
vt 0.788876 0.900000
vt 0.788876 0.929427
vt 0.788876 0.958854
vt 0.788876 0.988281
vt 0.805246 0.811719
vt 0.805246 0.841146
vt 0.805246 0.870573
vt 0.805246 0.900000
vt 0.805246 0.929427
vt 0.805246 0.958854
vt 0.805246 0.988281
vt 0.821615 0.811719
vt 0.821615 0.841146
vt 0.821615 0.870573
vt 0.821615 0.900000
vt 0.821615 0.929427
vt 0.821615 0.958854
vt 0.821615 0.988281
vt 0.845052 0.811719
vt 0.845052 0.841146
vt 0.845052 0.870573
vt 0.845052 0.900000
vt 0.845052 0.929427
vt 0.845052 0.958854
vt 0.845052 0.988281
vt 0.861421 0.811719
vt 0.861421 0.841146
vt 0.861421 0.870573
vt 0.861421 0.900000
vt 0.861421 0.929427
vt 0.861421 0.958854
vt 0.861421 0.988281
vt 0.877790 0.811719
vt 0.877790 0.841146
vt 0.877790 0.870573
vt 0.877790 0.900000
vt 0.877790 0.929427
vt 0.877790 0.958854
vt 0.877790 0.988281
vt 0.894159 0.811719
vt 0.894159 0.841146
vt 0.894159 0.870573
vt 0.894159 0.900000
vt 0.894159 0.929427
vt 0.894159 0.958854
vt 0.894159 0.988281
vt 0.910528 0.811719
vt 0.910528 0.841146
vt 0.910528 0.870573
vt 0.910528 0.900000
vt 0.910528 0.929427
vt 0.910528 0.958854
vt 0.910528 0.988281
vt 0.910528 0.811719
vt 0.910528 0.841146
vt 0.910528 0.870573
vt 0.910528 0.900000
vt 0.910528 0.929427
vt 0.910528 0.958854
vt 0.910528 0.988281
vt 0.916667 0.811719
vt 0.916667 0.841146
vt 0.916667 0.870573
vt 0.916667 0.900000
vt 0.916667 0.929427
vt 0.916667 0.958854
vt 0.916667 0.988281
vt 0.922805 0.811719
vt 0.922805 0.841146
vt 0.922805 0.870573
vt 0.922805 0.900000
vt 0.922805 0.929427
vt 0.922805 0.958854
vt 0.922805 0.988281
vt 0.922805 0.811719
vt 0.922805 0.841146
vt 0.922805 0.870573
vt 0.922805 0.900000
vt 0.922805 0.929427
vt 0.922805 0.958854
vt 0.922805 0.988281
vt 0.939174 0.811719
vt 0.939174 0.841146
vt 0.939174 0.870573
vt 0.939174 0.900000
vt 0.939174 0.929427
vt 0.939174 0.958854
vt 0.939174 0.988281
vt 0.955543 0.811719
vt 0.955543 0.841146
vt 0.955543 0.870573
vt 0.955543 0.900000
vt 0.955543 0.929427
vt 0.955543 0.958854
vt 0.955543 0.988281
vt 0.971912 0.811719
vt 0.971912 0.841146
vt 0.971912 0.870573
vt 0.971912 0.900000
vt 0.971912 0.929427
vt 0.971912 0.958854
vt 0.971912 0.988281
vt 0.988281 0.811719
vt 0.988281 0.841146
vt 0.988281 0.870573
vt 0.988281 0.900000
vt 0.988281 0.929427
vt 0.988281 0.958854
vt 0.988281 0.988281
vt 0.678385 0.011719
vt 0.678385 0.041146
vt 0.678385 0.070573
vt 0.681250 0.011719
vt 0.681250 0.041146
vt 0.681250 0.070573
vt 0.684115 0.011719
vt 0.684115 0.041146
vt 0.684115 0.070573
vt 0.686979 0.011719
vt 0.686979 0.041146
vt 0.686979 0.070573
vt 0.689844 0.011719
vt 0.689844 0.041146
vt 0.689844 0.070573
vt 0.692708 0.011719
vt 0.692708 0.041146
vt 0.692708 0.070573
vt 0.695573 0.011719
vt 0.695573 0.041146
vt 0.695573 0.070573
vt 0.698437 0.011719
vt 0.698437 0.041146
vt 0.698437 0.070573
vt 0.701302 0.011719
vt 0.701302 0.041146
vt 0.701302 0.070573
vt 0.704167 0.011719
vt 0.704167 0.041146
vt 0.704167 0.070573
vt 0.707031 0.011719
vt 0.707031 0.041146
vt 0.707031 0.070573
vt 0.709896 0.011719
vt 0.709896 0.041146
vt 0.709896 0.070573
vt 0.712760 0.011719
vt 0.712760 0.041146
vt 0.712760 0.070573
vt 0.715625 0.011719
vt 0.715625 0.041146
vt 0.715625 0.070573
vt 0.718490 0.011719
vt 0.718490 0.041146
vt 0.718490 0.070573
vt 0.721354 0.011719
vt 0.721354 0.041146
vt 0.721354 0.070573
vt 0.724219 0.011719
vt 0.724219 0.041146
vt 0.724219 0.070573
vt 0.727083 0.011719
vt 0.727083 0.041146
vt 0.727083 0.070573
vt 0.729948 0.011719
vt 0.729948 0.041146
vt 0.729948 0.070573
vt 0.732812 0.011719
vt 0.732812 0.041146
vt 0.732812 0.070573
vt 0.735677 0.011719
vt 0.735677 0.041146
vt 0.735677 0.070573
vt 0.738542 0.011719
vt 0.738542 0.041146
vt 0.738542 0.070573
vt 0.741406 0.011719
vt 0.741406 0.041146
vt 0.741406 0.070573
vt 0.744271 0.011719
vt 0.744271 0.041146
vt 0.744271 0.070573
vt 0.747135 0.011719
vt 0.747135 0.041146
vt 0.747135 0.070573
vt 0.750000 0.011719
vt 0.750000 0.041146
vt 0.750000 0.070573
vt 0.752865 0.011719
vt 0.752865 0.041146
vt 0.752865 0.070573
vt 0.755729 0.011719
vt 0.755729 0.041146
vt 0.755729 0.070573
vt 0.758594 0.011719
vt 0.758594 0.041146
vt 0.758594 0.070573
vt 0.761458 0.011719
vt 0.761458 0.041146
vt 0.761458 0.070573
vt 0.764323 0.011719
vt 0.764323 0.041146
vt 0.764323 0.070573
vt 0.767188 0.011719
vt 0.767188 0.041146
vt 0.767188 0.070573
vt 0.770052 0.011719
vt 0.770052 0.041146
vt 0.770052 0.070573
vt 0.772917 0.011719
vt 0.772917 0.041146
vt 0.772917 0.070573
vt 0.775781 0.011719
vt 0.775781 0.041146
vt 0.775781 0.070573
vt 0.778646 0.011719
vt 0.778646 0.041146
vt 0.778646 0.070573
vt 0.781510 0.011719
vt 0.781510 0.041146
vt 0.781510 0.070573
vt 0.784375 0.011719
vt 0.784375 0.041146
vt 0.784375 0.070573
vt 0.787240 0.011719
vt 0.787240 0.041146
vt 0.787240 0.070573
vt 0.790104 0.011719
vt 0.790104 0.041146
vt 0.790104 0.070573
vt 0.792969 0.011719
vt 0.792969 0.041146
vt 0.792969 0.070573
vt 0.795833 0.011719
vt 0.795833 0.041146
vt 0.795833 0.070573
vt 0.798698 0.011719
vt 0.798698 0.041146
vt 0.798698 0.070573
vt 0.801563 0.011719
vt 0.801563 0.041146
vt 0.801563 0.070573
vt 0.804427 0.011719
vt 0.804427 0.041146
vt 0.804427 0.070573
vt 0.807292 0.011719
vt 0.807292 0.041146
vt 0.807292 0.070573
vt 0.810156 0.011719
vt 0.810156 0.041146
vt 0.810156 0.070573
vt 0.813021 0.011719
vt 0.813021 0.041146
vt 0.813021 0.070573
vt 0.815885 0.011719
vt 0.815885 0.041146
vt 0.815885 0.070573
vt 0.818750 0.011719
vt 0.818750 0.041146
vt 0.818750 0.070573
vt 0.821615 0.011719
vt 0.821615 0.041146
vt 0.821615 0.070573
vt 0.684115 0.070573
vt 0.684115 0.100000
vt 0.684115 0.129427
vt 0.684115 0.158854
vt 0.684115 0.188281
vt 0.686979 0.070573
vt 0.686979 0.100000
vt 0.686979 0.129427
vt 0.686979 0.158854
vt 0.686979 0.188281
vt 0.689844 0.070573
vt 0.689844 0.100000
vt 0.689844 0.129427
vt 0.689844 0.158854
vt 0.689844 0.188281
vt 0.695573 0.070573
vt 0.695573 0.100000
vt 0.695573 0.129427
vt 0.695573 0.158854
vt 0.695573 0.188281
vt 0.698437 0.070573
vt 0.698437 0.100000
vt 0.698437 0.129427
vt 0.698437 0.158854
vt 0.698437 0.188281
vt 0.701302 0.070573
vt 0.701302 0.100000
vt 0.701302 0.129427
vt 0.701302 0.158854
vt 0.701302 0.188281
vt 0.707031 0.070573
vt 0.707031 0.100000
vt 0.707031 0.129427
vt 0.707031 0.158854
vt 0.707031 0.188281
vt 0.709896 0.070573
vt 0.709896 0.100000
vt 0.709896 0.129427
vt 0.709896 0.158854
vt 0.709896 0.188281
vt 0.712760 0.070573
vt 0.712760 0.100000
vt 0.712760 0.129427
vt 0.712760 0.158854
vt 0.712760 0.188281
vt 0.718490 0.070573
vt 0.718490 0.100000
vt 0.718490 0.129427
vt 0.718490 0.158854
vt 0.718490 0.188281
vt 0.721354 0.070573
vt 0.721354 0.100000
vt 0.721354 0.129427
vt 0.721354 0.158854
vt 0.721354 0.188281
vt 0.724219 0.070573
vt 0.724219 0.100000
vt 0.724219 0.129427
vt 0.724219 0.158854
vt 0.724219 0.188281
vt 0.729948 0.070573
vt 0.729948 0.100000
vt 0.729948 0.129427
vt 0.729948 0.158854
vt 0.729948 0.188281
vt 0.732812 0.070573
vt 0.732812 0.100000
vt 0.732812 0.129427
vt 0.732812 0.158854
vt 0.732812 0.188281
vt 0.735677 0.070573
vt 0.735677 0.100000
vt 0.735677 0.129427
vt 0.735677 0.158854
vt 0.735677 0.188281
vt 0.741406 0.070573
vt 0.741406 0.100000
vt 0.741406 0.129427
vt 0.741406 0.158854
vt 0.741406 0.188281
vt 0.744271 0.070573
vt 0.744271 0.100000
vt 0.744271 0.129427
vt 0.744271 0.158854
vt 0.744271 0.188281
vt 0.747135 0.070573
vt 0.747135 0.100000
vt 0.747135 0.129427
vt 0.747135 0.158854
vt 0.747135 0.188281
vt 0.752865 0.070573
vt 0.752865 0.100000
vt 0.752865 0.129427
vt 0.752865 0.158854
vt 0.752865 0.188281
vt 0.755729 0.070573
vt 0.755729 0.100000
vt 0.755729 0.129427
vt 0.755729 0.158854
vt 0.755729 0.188281
vt 0.758594 0.070573
vt 0.758594 0.100000
vt 0.758594 0.129427
vt 0.758594 0.158854
vt 0.758594 0.188281
vt 0.764323 0.070573
vt 0.764323 0.100000
vt 0.764323 0.129427
vt 0.764323 0.158854
vt 0.764323 0.188281
vt 0.767188 0.070573
vt 0.767188 0.100000
vt 0.767188 0.129427
vt 0.767188 0.158854
vt 0.767188 0.188281
vt 0.770052 0.070573
vt 0.770052 0.100000
vt 0.770052 0.129427
vt 0.770052 0.158854
vt 0.770052 0.188281
vt 0.775781 0.070573
vt 0.775781 0.100000
vt 0.775781 0.129427
vt 0.775781 0.158854
vt 0.775781 0.188281
vt 0.778646 0.070573
vt 0.778646 0.100000
vt 0.778646 0.129427
vt 0.778646 0.158854
vt 0.778646 0.188281
vt 0.781510 0.070573
vt 0.781510 0.100000
vt 0.781510 0.129427
vt 0.781510 0.158854
vt 0.781510 0.188281
vt 0.787240 0.070573
vt 0.787240 0.100000
vt 0.787240 0.129427
vt 0.787240 0.158854
vt 0.787240 0.188281
vt 0.790104 0.070573
vt 0.790104 0.100000
vt 0.790104 0.129427
vt 0.790104 0.158854
vt 0.790104 0.188281
vt 0.792969 0.070573
vt 0.792969 0.100000
vt 0.792969 0.129427
vt 0.792969 0.158854
vt 0.792969 0.188281
vt 0.798698 0.070573
vt 0.798698 0.100000
vt 0.798698 0.129427
vt 0.798698 0.158854
vt 0.798698 0.188281
vt 0.801562 0.070573
vt 0.801562 0.100000
vt 0.801562 0.129427
vt 0.801562 0.158854
vt 0.801562 0.188281
vt 0.804427 0.070573
vt 0.804427 0.100000
vt 0.804427 0.129427
vt 0.804427 0.158854
vt 0.804427 0.188281
vt 0.810156 0.070573
vt 0.810156 0.100000
vt 0.810156 0.129427
vt 0.810156 0.158854
vt 0.810156 0.188281
vt 0.813021 0.070573
vt 0.813021 0.100000
vt 0.813021 0.129427
vt 0.813021 0.158854
vt 0.813021 0.188281
vt 0.815885 0.070573
vt 0.815885 0.100000
vt 0.815885 0.129427
vt 0.815885 0.158854
vt 0.815885 0.188281
vt 0.511719 0.011719
vt 0.511719 0.041146
vt 0.511719 0.070573
vt 0.514583 0.011719
vt 0.514583 0.041146
vt 0.514583 0.070573
vt 0.517448 0.011719
vt 0.517448 0.041146
vt 0.517448 0.070573
vt 0.520312 0.011719
vt 0.520312 0.041146
vt 0.520312 0.070573
vt 0.523177 0.011719
vt 0.523177 0.041146
vt 0.523177 0.070573
vt 0.526042 0.011719
vt 0.526042 0.041146
vt 0.526042 0.070573
vt 0.528906 0.011719
vt 0.528906 0.041146
vt 0.528906 0.070573
vt 0.531771 0.011719
vt 0.531771 0.041146
vt 0.531771 0.070573
vt 0.534635 0.011719
vt 0.534635 0.041146
vt 0.534635 0.070573
vt 0.537500 0.011719
vt 0.537500 0.041146
vt 0.537500 0.070573
vt 0.540365 0.011719
vt 0.540365 0.041146
vt 0.540365 0.070573
vt 0.543229 0.011719
vt 0.543229 0.041146
vt 0.543229 0.070573
vt 0.546094 0.011719
vt 0.546094 0.041146
vt 0.546094 0.070573
vt 0.548958 0.011719
vt 0.548958 0.041146
vt 0.548958 0.070573
vt 0.551823 0.011719
vt 0.551823 0.041146
vt 0.551823 0.070573
vt 0.554688 0.011719
vt 0.554688 0.041146
vt 0.554688 0.070573
vt 0.557552 0.011719
vt 0.557552 0.041146
vt 0.557552 0.070573
vt 0.560417 0.011719
vt 0.560417 0.041146
vt 0.560417 0.070573
vt 0.563281 0.011719
vt 0.563281 0.041146
vt 0.563281 0.070573
vt 0.566146 0.011719
vt 0.566146 0.041146
vt 0.566146 0.070573
vt 0.569010 0.011719
vt 0.569010 0.041146
vt 0.569010 0.070573
vt 0.571875 0.011719
vt 0.571875 0.041146
vt 0.571875 0.070573
vt 0.574740 0.011719
vt 0.574740 0.041146
vt 0.574740 0.070573
vt 0.577604 0.011719
vt 0.577604 0.041146
vt 0.577604 0.070573
vt 0.580469 0.011719
vt 0.580469 0.041146
vt 0.580469 0.070573
vt 0.583333 0.011719
vt 0.583333 0.041146
vt 0.583333 0.070573
vt 0.586198 0.011719
vt 0.586198 0.041146
vt 0.586198 0.070573
vt 0.589063 0.011719
vt 0.589063 0.041146
vt 0.589063 0.070573
vt 0.591927 0.011719
vt 0.591927 0.041146
vt 0.591927 0.070573
vt 0.594792 0.011719
vt 0.594792 0.041146
vt 0.594792 0.070573
vt 0.597656 0.011719
vt 0.597656 0.041146
vt 0.597656 0.070573
vt 0.600521 0.011719
vt 0.600521 0.041146
vt 0.600521 0.070573
vt 0.603385 0.011719
vt 0.603385 0.041146
vt 0.603385 0.070573
vt 0.606250 0.011719
vt 0.606250 0.041146
vt 0.606250 0.070573
vt 0.609115 0.011719
vt 0.609115 0.041146
vt 0.609115 0.070573
vt 0.611979 0.011719
vt 0.611979 0.041146
vt 0.611979 0.070573
vt 0.614844 0.011719
vt 0.614844 0.041146
vt 0.614844 0.070573
vt 0.617708 0.011719
vt 0.617708 0.041146
vt 0.617708 0.070573
vt 0.620573 0.011719
vt 0.620573 0.041146
vt 0.620573 0.070573
vt 0.623437 0.011719
vt 0.623437 0.041146
vt 0.623437 0.070573
vt 0.626302 0.011719
vt 0.626302 0.041146
vt 0.626302 0.070573
vt 0.629167 0.011719
vt 0.629167 0.041146
vt 0.629167 0.070573
vt 0.632031 0.011719
vt 0.632031 0.041146
vt 0.632031 0.070573
vt 0.634896 0.011719
vt 0.634896 0.041146
vt 0.634896 0.070573
vt 0.637760 0.011719
vt 0.637760 0.041146
vt 0.637760 0.070573
vt 0.640625 0.011719
vt 0.640625 0.041146
vt 0.640625 0.070573
vt 0.643490 0.011719
vt 0.643490 0.041146
vt 0.643490 0.070573
vt 0.646354 0.011719
vt 0.646354 0.041146
vt 0.646354 0.070573
vt 0.649219 0.011719
vt 0.649219 0.041146
vt 0.649219 0.070573
vt 0.652083 0.011719
vt 0.652083 0.041146
vt 0.652083 0.070573
vt 0.654948 0.011719
vt 0.654948 0.041146
vt 0.654948 0.070573
vt 0.517448 0.070573
vt 0.517448 0.100000
vt 0.517448 0.129427
vt 0.517448 0.158854
vt 0.517448 0.188281
vt 0.520312 0.070573
vt 0.520312 0.100000
vt 0.520312 0.129427
vt 0.520312 0.158854
vt 0.520312 0.188281
vt 0.523177 0.070573
vt 0.523177 0.100000
vt 0.523177 0.129427
vt 0.523177 0.158854
vt 0.523177 0.188281
vt 0.528906 0.070573
vt 0.528906 0.100000
vt 0.528906 0.129427
vt 0.528906 0.158854
vt 0.528906 0.188281
vt 0.531771 0.070573
vt 0.531771 0.100000
vt 0.531771 0.129427
vt 0.531771 0.158854
vt 0.531771 0.188281
vt 0.534635 0.070573
vt 0.534635 0.100000
vt 0.534635 0.129427
vt 0.534635 0.158854
vt 0.534635 0.188281
vt 0.540365 0.070573
vt 0.540365 0.100000
vt 0.540365 0.129427
vt 0.540365 0.158854
vt 0.540365 0.188281
vt 0.543229 0.070573
vt 0.543229 0.100000
vt 0.543229 0.129427
vt 0.543229 0.158854
vt 0.543229 0.188281
vt 0.546094 0.070573
vt 0.546094 0.100000
vt 0.546094 0.129427
vt 0.546094 0.158854
vt 0.546094 0.188281
vt 0.551823 0.070573
vt 0.551823 0.100000
vt 0.551823 0.129427
vt 0.551823 0.158854
vt 0.551823 0.188281
vt 0.554688 0.070573
vt 0.554688 0.100000
vt 0.554688 0.129427
vt 0.554688 0.158854
vt 0.554688 0.188281
vt 0.557552 0.070573
vt 0.557552 0.100000
vt 0.557552 0.129427
vt 0.557552 0.158854
vt 0.557552 0.188281
vt 0.563281 0.070573
vt 0.563281 0.100000
vt 0.563281 0.129427
vt 0.563281 0.158854
vt 0.563281 0.188281
vt 0.566146 0.070573
vt 0.566146 0.100000
vt 0.566146 0.129427
vt 0.566146 0.158854
vt 0.566146 0.188281
vt 0.569010 0.070573
vt 0.569010 0.100000
vt 0.569010 0.129427
vt 0.569010 0.158854
vt 0.569010 0.188281
vt 0.574740 0.070573
vt 0.574740 0.100000
vt 0.574740 0.129427
vt 0.574740 0.158854
vt 0.574740 0.188281
vt 0.577604 0.070573
vt 0.577604 0.100000
vt 0.577604 0.129427
vt 0.577604 0.158854
vt 0.577604 0.188281
vt 0.580469 0.070573
vt 0.580469 0.100000
vt 0.580469 0.129427
vt 0.580469 0.158854
vt 0.580469 0.188281
vt 0.586198 0.070573
vt 0.586198 0.100000
vt 0.586198 0.129427
vt 0.586198 0.158854
vt 0.586198 0.188281
vt 0.589062 0.070573
vt 0.589062 0.100000
vt 0.589062 0.129427
vt 0.589062 0.158854
vt 0.589062 0.188281
vt 0.591927 0.070573
vt 0.591927 0.100000
vt 0.591927 0.129427
vt 0.591927 0.158854
vt 0.591927 0.188281
vt 0.597656 0.070573
vt 0.597656 0.100000
vt 0.597656 0.129427
vt 0.597656 0.158854
vt 0.597656 0.188281
vt 0.600521 0.070573
vt 0.600521 0.100000
vt 0.600521 0.129427
vt 0.600521 0.158854
vt 0.600521 0.188281
vt 0.603385 0.070573
vt 0.603385 0.100000
vt 0.603385 0.129427
vt 0.603385 0.158854
vt 0.603385 0.188281
vt 0.609115 0.070573
vt 0.609115 0.100000
vt 0.609115 0.129427
vt 0.609115 0.158854
vt 0.609115 0.188281
vt 0.611979 0.070573
vt 0.611979 0.100000
vt 0.611979 0.129427
vt 0.611979 0.158854
vt 0.611979 0.188281
vt 0.614844 0.070573
vt 0.614844 0.100000
vt 0.614844 0.129427
vt 0.614844 0.158854
vt 0.614844 0.188281
vt 0.620573 0.070573
vt 0.620573 0.100000
vt 0.620573 0.129427
vt 0.620573 0.158854
vt 0.620573 0.188281
vt 0.623437 0.070573
vt 0.623437 0.100000
vt 0.623437 0.129427
vt 0.623437 0.158854
vt 0.623437 0.188281
vt 0.626302 0.070573
vt 0.626302 0.100000
vt 0.626302 0.129427
vt 0.626302 0.158854
vt 0.626302 0.188281
vt 0.632031 0.070573
vt 0.632031 0.100000
vt 0.632031 0.129427
vt 0.632031 0.158854
vt 0.632031 0.188281
vt 0.634896 0.070573
vt 0.634896 0.100000
vt 0.634896 0.129427
vt 0.634896 0.158854
vt 0.634896 0.188281
vt 0.637760 0.070573
vt 0.637760 0.100000
vt 0.637760 0.129427
vt 0.637760 0.158854
vt 0.637760 0.188281
vt 0.643490 0.070573
vt 0.643490 0.100000
vt 0.643490 0.129427
vt 0.643490 0.158854
vt 0.643490 0.188281
vt 0.646354 0.070573
vt 0.646354 0.100000
vt 0.646354 0.129427
vt 0.646354 0.158854
vt 0.646354 0.188281
vt 0.649219 0.070573
vt 0.649219 0.100000
vt 0.649219 0.129427
vt 0.649219 0.158854
vt 0.649219 0.188281
vn 0.000000 -1.000000 0.000000
vn -1.000000 0.000000 0.000000
vn 1.000000 0.000000 0.000000
vn 0.000000 1.000000 0.000000
vn 0.000000 0.000000 -1.000000
vn 0.000000 0.000000 1.000000
f 1/1/1 8/8/1 9/9/1 2/2/1
f 2/2/1 9/9/1 10/10/1 3/3/1
f 3/3/1 10/10/1 11/11/1 4/4/1
f 4/4/1 11/11/1 12/12/1 5/5/1
f 5/5/1 12/12/1 13/13/1 6/6/1
f 6/6/1 13/13/1 14/14/1 7/7/1
f 8/8/1 15/15/1 16/16/1 9/9/1
f 9/9/1 16/16/1 17/17/1 10/10/1
f 10/10/1 17/17/1 18/18/1 11/11/1
f 11/11/1 18/18/1 19/19/1 12/12/1
f 12/12/1 19/19/1 20/20/1 13/13/1
f 13/13/1 20/20/1 21/21/1 14/14/1
f 15/15/1 22/22/1 23/23/1 16/16/1
f 16/16/1 23/23/1 24/24/1 17/17/1
f 17/17/1 24/24/1 25/25/1 18/18/1
f 18/18/1 25/25/1 26/26/1 19/19/1
f 19/19/1 26/26/1 27/27/1 20/20/1
f 20/20/1 27/27/1 28/28/1 21/21/1
f 22/22/1 29/29/1 30/30/1 23/23/1
f 23/23/1 30/30/1 31/31/1 24/24/1
f 24/24/1 31/31/1 32/32/1 25/25/1
f 25/25/1 32/32/1 33/33/1 26/26/1
f 26/26/1 33/33/1 34/34/1 27/27/1
f 27/27/1 34/34/1 35/35/1 28/28/1
f 29/29/1 36/36/1 37/37/1 30/30/1
f 30/30/1 37/37/1 38/38/1 31/31/1
f 31/31/1 38/38/1 39/39/1 32/32/1
f 32/32/1 39/39/1 40/40/1 33/33/1
f 33/33/1 40/40/1 41/41/1 34/34/1
f 34/34/1 41/41/1 42/42/1 35/35/1
f 36/36/1 43/43/1 44/44/1 37/37/1
f 37/37/1 44/44/1 45/45/1 38/38/1
f 38/38/1 45/45/1 46/46/1 39/39/1
f 39/39/1 46/46/1 47/47/1 40/40/1
f 40/40/1 47/47/1 48/48/1 41/41/1
f 41/41/1 48/48/1 49/49/1 42/42/1
f 43/43/1 50/50/1 51/51/1 44/44/1
f 44/44/1 51/51/1 52/52/1 45/45/1
f 45/45/1 52/52/1 53/53/1 46/46/1
f 46/46/1 53/53/1 54/54/1 47/47/1
f 47/47/1 54/54/1 55/55/1 48/48/1
f 48/48/1 55/55/1 56/56/1 49/49/1
f 50/50/1 57/57/1 58/58/1 51/51/1
f 51/51/1 58/58/1 59/59/1 52/52/1
f 52/52/1 59/59/1 60/60/1 53/53/1
f 53/53/1 60/60/1 61/61/1 54/54/1
f 54/54/1 61/61/1 62/62/1 55/55/1
f 55/55/1 62/62/1 63/63/1 56/56/1
f 57/57/1 64/64/1 65/65/1 58/58/1
f 58/58/1 65/65/1 66/66/1 59/59/1
f 59/59/1 66/66/1 67/67/1 60/60/1
f 60/60/1 67/67/1 68/68/1 61/61/1
f 61/61/1 68/68/1 69/69/1 62/62/1
f 62/62/1 69/69/1 70/70/1 63/63/1
f 64/64/1 71/71/1 72/72/1 65/65/1
f 65/65/1 72/72/1 73/73/1 66/66/1
f 66/66/1 73/73/1 74/74/1 67/67/1
f 67/67/1 74/74/1 75/75/1 68/68/1
f 68/68/1 75/75/1 76/76/1 69/69/1
f 69/69/1 76/76/1 77/77/1 70/70/1
f 71/71/1 78/78/1 79/79/1 72/72/1
f 72/72/1 79/79/1 80/80/1 73/73/1
f 73/73/1 80/80/1 81/81/1 74/74/1
f 74/74/1 81/81/1 82/82/1 75/75/1
f 75/75/1 82/82/1 83/83/1 76/76/1
f 76/76/1 83/83/1 84/84/1 77/77/1
f 78/78/1 85/85/1 86/86/1 79/79/1
f 79/79/1 86/86/1 87/87/1 80/80/1
f 80/80/1 87/87/1 88/88/1 81/81/1
f 81/81/1 88/88/1 89/89/1 82/82/1
f 82/82/1 89/89/1 90/90/1 83/83/1
f 83/83/1 90/90/1 91/91/1 84/84/1
f 85/85/1 92/92/1 93/93/1 86/86/1
f 86/86/1 93/93/1 94/94/1 87/87/1
f 87/87/1 94/94/1 95/95/1 88/88/1
f 88/88/1 95/95/1 96/96/1 89/89/1
f 89/89/1 96/96/1 97/97/1 90/90/1
f 90/90/1 97/97/1 98/98/1 91/91/1
f 92/92/1 99/99/1 100/100/1 93/93/1
f 93/93/1 100/100/1 101/101/1 94/94/1
f 94/94/1 101/101/1 102/102/1 95/95/1
f 95/95/1 102/102/1 103/103/1 96/96/1
f 96/96/1 103/103/1 104/104/1 97/97/1
f 97/97/1 104/104/1 105/105/1 98/98/1
f 99/99/1 106/106/1 107/107/1 100/100/1
f 100/100/1 107/107/1 108/108/1 101/101/1
f 101/101/1 108/108/1 109/109/1 102/102/1
f 102/102/1 109/109/1 110/110/1 103/103/1
f 103/103/1 110/110/1 111/111/1 104/104/1
f 104/104/1 111/111/1 112/112/1 105/105/1
f 106/106/1 113/113/1 114/114/1 107/107/1
f 107/107/1 114/114/1 115/115/1 108/108/1
f 108/108/1 115/115/1 116/116/1 109/109/1
f 109/109/1 116/116/1 117/117/1 110/110/1
f 110/110/1 117/117/1 118/118/1 111/111/1
f 111/111/1 118/118/1 119/119/1 112/112/1
f 113/113/1 120/120/1 121/121/1 114/114/1
f 114/114/1 121/121/1 122/122/1 115/115/1
f 115/115/1 122/122/1 123/123/1 116/116/1
f 116/116/1 123/123/1 124/124/1 117/117/1
f 117/117/1 124/124/1 125/125/1 118/118/1
f 118/118/1 125/125/1 126/126/1 119/119/1
f 120/120/1 127/127/1 128/128/1 121/121/1
f 121/121/1 128/128/1 129/129/1 122/122/1
f 122/122/1 129/129/1 130/130/1 123/123/1
f 123/123/1 130/130/1 131/131/1 124/124/1
f 124/124/1 131/131/1 132/132/1 125/125/1
f 125/125/1 132/132/1 133/133/1 126/126/1
f 127/127/1 134/134/1 135/135/1 128/128/1
f 128/128/1 135/135/1 136/136/1 129/129/1
f 129/129/1 136/136/1 137/137/1 130/130/1
f 130/130/1 137/137/1 138/138/1 131/131/1
f 131/131/1 138/138/1 139/139/1 132/132/1
f 132/132/1 139/139/1 140/140/1 133/133/1
f 134/134/1 141/141/1 142/142/1 135/135/1
f 135/135/1 142/142/1 143/143/1 136/136/1
f 136/136/1 143/143/1 144/144/1 137/137/1
f 137/137/1 144/144/1 145/145/1 138/138/1
f 138/138/1 145/145/1 146/146/1 139/139/1
f 139/139/1 146/146/1 147/147/1 140/140/1
f 141/141/1 148/148/1 149/149/1 142/142/1
f 142/142/1 149/149/1 150/150/1 143/143/1
f 143/143/1 150/150/1 151/151/1 144/144/1
f 144/144/1 151/151/1 152/152/1 145/145/1
f 145/145/1 152/152/1 153/153/1 146/146/1
f 146/146/1 153/153/1 154/154/1 147/147/1
f 148/148/1 155/155/1 156/156/1 149/149/1
f 149/149/1 156/156/1 157/157/1 150/150/1
f 150/150/1 157/157/1 158/158/1 151/151/1
f 151/151/1 158/158/1 159/159/1 152/152/1
f 152/152/1 159/159/1 160/160/1 153/153/1
f 153/153/1 160/160/1 161/161/1 154/154/1
f 155/155/1 162/162/1 163/163/1 156/156/1
f 156/156/1 163/163/1 164/164/1 157/157/1
f 157/157/1 164/164/1 165/165/1 158/158/1
f 158/158/1 165/165/1 166/166/1 159/159/1
f 159/159/1 166/166/1 167/167/1 160/160/1
f 160/160/1 167/167/1 168/168/1 161/161/1
f 162/162/1 169/169/1 170/170/1 163/163/1
f 163/163/1 170/170/1 171/171/1 164/164/1
f 164/164/1 171/171/1 172/172/1 165/165/1
f 165/165/1 172/172/1 173/173/1 166/166/1
f 166/166/1 173/173/1 174/174/1 167/167/1
f 167/167/1 174/174/1 175/175/1 168/168/1
f 169/169/1 176/176/1 177/177/1 170/170/1
f 170/170/1 177/177/1 178/178/1 171/171/1
f 171/171/1 178/178/1 179/179/1 172/172/1
f 172/172/1 179/179/1 180/180/1 173/173/1
f 173/173/1 180/180/1 181/181/1 174/174/1
f 174/174/1 181/181/1 182/182/1 175/175/1
f 176/176/1 183/183/1 184/184/1 177/177/1
f 177/177/1 184/184/1 185/185/1 178/178/1
f 178/178/1 185/185/1 186/186/1 179/179/1
f 179/179/1 186/186/1 187/187/1 180/180/1
f 180/180/1 187/187/1 188/188/1 181/181/1
f 181/181/1 188/188/1 189/189/1 182/182/1
f 183/183/1 190/190/1 191/191/1 184/184/1
f 184/184/1 191/191/1 192/192/1 185/185/1
f 185/185/1 192/192/1 193/193/1 186/186/1
f 186/186/1 193/193/1 194/194/1 187/187/1
f 187/187/1 194/194/1 195/195/1 188/188/1
f 188/188/1 195/195/1 196/196/1 189/189/1
f 190/190/1 197/197/1 198/198/1 191/191/1
f 191/191/1 198/198/1 199/199/1 192/192/1
f 192/192/1 199/199/1 200/200/1 193/193/1
f 193/193/1 200/200/1 201/201/1 194/194/1
f 194/194/1 201/201/1 202/202/1 195/195/1
f 195/195/1 202/202/1 203/203/1 196/196/1
f 197/197/1 204/204/1 205/205/1 198/198/1
f 198/198/1 205/205/1 206/206/1 199/199/1
f 199/199/1 206/206/1 207/207/1 200/200/1
f 200/200/1 207/207/1 208/208/1 201/201/1
f 201/201/1 208/208/1 209/209/1 202/202/1
f 202/202/1 209/209/1 210/210/1 203/203/1
f 204/204/1 211/211/1 212/212/1 205/205/1
f 205/205/1 212/212/1 213/213/1 206/206/1
f 206/206/1 213/213/1 214/214/1 207/207/1
f 207/207/1 214/214/1 215/215/1 208/208/1
f 208/208/1 215/215/1 216/216/1 209/209/1
f 209/209/1 216/216/1 217/217/1 210/210/1
f 211/211/1 218/218/1 219/219/1 212/212/1
f 212/212/1 219/219/1 220/220/1 213/213/1
f 213/213/1 220/220/1 221/221/1 214/214/1
f 214/214/1 221/221/1 222/222/1 215/215/1
f 215/215/1 222/222/1 223/223/1 216/216/1
f 216/216/1 223/223/1 224/224/1 217/217/1
f 218/218/1 225/225/1 226/226/1 219/219/1
f 219/219/1 226/226/1 227/227/1 220/220/1
f 220/220/1 227/227/1 228/228/1 221/221/1
f 221/221/1 228/228/1 229/229/1 222/222/1
f 222/222/1 229/229/1 230/230/1 223/223/1
f 223/223/1 230/230/1 231/231/1 224/224/1
f 225/225/1 232/232/1 233/233/1 226/226/1
f 226/226/1 233/233/1 234/234/1 227/227/1
f 227/227/1 234/234/1 235/235/1 228/228/1
f 228/228/1 235/235/1 236/236/1 229/229/1
f 229/229/1 236/236/1 237/237/1 230/230/1
f 230/230/1 237/237/1 238/238/1 231/231/1
f 232/232/1 239/239/1 240/240/1 233/233/1
f 233/233/1 240/240/1 241/241/1 234/234/1
f 234/234/1 241/241/1 242/242/1 235/235/1
f 235/235/1 242/242/1 243/243/1 236/236/1
f 236/236/1 243/243/1 244/244/1 237/237/1
f 237/237/1 244/244/1 245/245/1 238/238/1
f 239/239/1 246/246/1 247/247/1 240/240/1
f 240/240/1 247/247/1 248/248/1 241/241/1
f 241/241/1 248/248/1 249/249/1 242/242/1
f 242/242/1 249/249/1 250/250/1 243/243/1
f 243/243/1 250/250/1 251/251/1 244/244/1
f 244/244/1 251/251/1 252/252/1 245/245/1
f 246/246/1 253/253/1 254/254/1 247/247/1
f 247/247/1 254/254/1 255/255/1 248/248/1
f 248/248/1 255/255/1 256/256/1 249/249/1
f 249/249/1 256/256/1 257/257/1 250/250/1
f 250/250/1 257/257/1 258/258/1 251/251/1
f 251/251/1 258/258/1 259/259/1 252/252/1
f 253/253/1 260/260/1 261/261/1 254/254/1
f 254/254/1 261/261/1 262/262/1 255/255/1
f 255/255/1 262/262/1 263/263/1 256/256/1
f 256/256/1 263/263/1 264/264/1 257/257/1
f 257/257/1 264/264/1 265/265/1 258/258/1
f 258/258/1 265/265/1 266/266/1 259/259/1
f 260/260/1 267/267/1 268/268/1 261/261/1
f 261/261/1 268/268/1 269/269/1 262/262/1
f 262/262/1 269/269/1 270/270/1 263/263/1
f 263/263/1 270/270/1 271/271/1 264/264/1
f 264/264/1 271/271/1 272/272/1 265/265/1
f 265/265/1 272/272/1 273/273/1 266/266/1
f 267/267/1 274/274/1 275/275/1 268/268/1
f 268/268/1 275/275/1 276/276/1 269/269/1
f 269/269/1 276/276/1 277/277/1 270/270/1
f 270/270/1 277/277/1 278/278/1 271/271/1
f 271/271/1 278/278/1 279/279/1 272/272/1
f 272/272/1 279/279/1 280/280/1 273/273/1
f 274/274/1 281/281/1 282/282/1 275/275/1
f 275/275/1 282/282/1 283/283/1 276/276/1
f 276/276/1 283/283/1 284/284/1 277/277/1
f 277/277/1 284/284/1 285/285/1 278/278/1
f 278/278/1 285/285/1 286/286/1 279/279/1
f 279/279/1 286/286/1 287/287/1 280/280/1
f 281/281/1 288/288/1 289/289/1 282/282/1
f 282/282/1 289/289/1 290/290/1 283/283/1
f 283/283/1 290/290/1 291/291/1 284/284/1
f 284/284/1 291/291/1 292/292/1 285/285/1
f 285/285/1 292/292/1 293/293/1 286/286/1
f 286/286/1 293/293/1 294/294/1 287/287/1
f 288/288/1 295/295/1 296/296/1 289/289/1
f 289/289/1 296/296/1 297/297/1 290/290/1
f 290/290/1 297/297/1 298/298/1 291/291/1
f 291/291/1 298/298/1 299/299/1 292/292/1
f 292/292/1 299/299/1 300/300/1 293/293/1
f 293/293/1 300/300/1 301/301/1 294/294/1
f 295/295/1 302/302/1 303/303/1 296/296/1
f 296/296/1 303/303/1 304/304/1 297/297/1
f 297/297/1 304/304/1 305/305/1 298/298/1
f 298/298/1 305/305/1 306/306/1 299/299/1
f 299/299/1 306/306/1 307/307/1 300/300/1
f 300/300/1 307/307/1 308/308/1 301/301/1
f 302/302/1 309/309/1 310/310/1 303/303/1
f 303/303/1 310/310/1 311/311/1 304/304/1
f 304/304/1 311/311/1 312/312/1 305/305/1
f 305/305/1 312/312/1 313/313/1 306/306/1
f 306/306/1 313/313/1 314/314/1 307/307/1
f 307/307/1 314/314/1 315/315/1 308/308/1
f 309/309/1 316/316/1 317/317/1 310/310/1
f 310/310/1 317/317/1 318/318/1 311/311/1
f 311/311/1 318/318/1 319/319/1 312/312/1
f 312/312/1 319/319/1 320/320/1 313/313/1
f 313/313/1 320/320/1 321/321/1 314/314/1
f 314/314/1 321/321/1 322/322/1 315/315/1
f 316/316/1 323/323/1 324/324/1 317/317/1
f 317/317/1 324/324/1 325/325/1 318/318/1
f 318/318/1 325/325/1 326/326/1 319/319/1
f 319/319/1 326/326/1 327/327/1 320/320/1
f 320/320/1 327/327/1 328/328/1 321/321/1
f 321/321/1 328/328/1 329/329/1 322/322/1
f 323/323/1 330/330/1 331/331/1 324/324/1
f 324/324/1 331/331/1 332/332/1 325/325/1
f 325/325/1 332/332/1 333/333/1 326/326/1
f 326/326/1 333/333/1 334/334/1 327/327/1
f 327/327/1 334/334/1 335/335/1 328/328/1
f 328/328/1 335/335/1 336/336/1 329/329/1
f 330/330/1 337/337/1 338/338/1 331/331/1
f 331/331/1 338/338/1 339/339/1 332/332/1
f 332/332/1 339/339/1 340/340/1 333/333/1
f 333/333/1 340/340/1 341/341/1 334/334/1
f 334/334/1 341/341/1 342/342/1 335/335/1
f 335/335/1 342/342/1 343/343/1 336/336/1
f 337/337/1 344/344/1 345/345/1 338/338/1
f 338/338/1 345/345/1 346/346/1 339/339/1
f 339/339/1 346/346/1 347/347/1 340/340/1
f 340/340/1 347/347/1 348/348/1 341/341/1
f 341/341/1 348/348/1 349/349/1 342/342/1
f 342/342/1 349/349/1 350/350/1 343/343/1
f 344/344/1 351/351/1 352/352/1 345/345/1
f 345/345/1 352/352/1 353/353/1 346/346/1
f 346/346/1 353/353/1 354/354/1 347/347/1
f 347/347/1 354/354/1 355/355/1 348/348/1
f 348/348/1 355/355/1 356/356/1 349/349/1
f 349/349/1 356/356/1 357/357/1 350/350/1
f 358/358/2 359/359/2 366/366/2 365/365/2
f 359/359/2 360/360/2 367/367/2 366/366/2
f 360/360/2 361/361/2 368/368/2 367/367/2
f 361/361/2 362/362/2 369/369/2 368/368/2
f 362/362/2 363/363/2 370/370/2 369/369/2
f 363/363/2 364/364/2 371/371/2 370/370/2
f 365/365/2 366/366/2 373/373/2 372/372/2
f 366/366/2 367/367/2 374/374/2 373/373/2
f 367/367/2 368/368/2 375/375/2 374/374/2
f 368/368/2 369/369/2 376/376/2 375/375/2
f 369/369/2 370/370/2 377/377/2 376/376/2
f 370/370/2 371/371/2 378/378/2 377/377/2
f 379/379/3 386/386/3 387/387/3 380/380/3
f 380/380/3 387/387/3 388/388/3 381/381/3
f 381/381/3 388/388/3 389/389/3 382/382/3
f 382/382/3 389/389/3 390/390/3 383/383/3
f 383/383/3 390/390/3 391/391/3 384/384/3
f 384/384/3 391/391/3 392/392/3 385/385/3
f 386/386/3 393/393/3 394/394/3 387/387/3
f 387/387/3 394/394/3 395/395/3 388/388/3
f 388/388/3 395/395/3 396/396/3 389/389/3
f 389/389/3 396/396/3 397/397/3 390/390/3
f 390/390/3 397/397/3 398/398/3 391/391/3
f 391/391/3 398/398/3 399/399/3 392/392/3
f 400/400/4 401/401/4 408/408/4 407/407/4
f 401/401/4 402/402/4 409/409/4 408/408/4
f 402/402/4 403/403/4 410/410/4 409/409/4
f 403/403/4 404/404/4 411/411/4 410/410/4
f 404/404/4 405/405/4 412/412/4 411/411/4
f 405/405/4 406/406/4 413/413/4 412/412/4
f 407/407/4 408/408/4 415/415/4 414/414/4
f 408/408/4 409/409/4 416/416/4 415/415/4
f 409/409/4 410/410/4 417/417/4 416/416/4
f 410/410/4 411/411/4 418/418/4 417/417/4
f 411/411/4 412/412/4 419/419/4 418/418/4
f 412/412/4 413/413/4 420/420/4 419/419/4
f 421/421/4 422/422/4 429/429/4 428/428/4
f 422/422/4 423/423/4 430/430/4 429/429/4
f 423/423/4 424/424/4 431/431/4 430/430/4
f 424/424/4 425/425/4 432/432/4 431/431/4
f 425/425/4 426/426/4 433/433/4 432/432/4
f 426/426/4 427/427/4 434/434/4 433/433/4
f 428/428/4 429/429/4 436/436/4 435/435/4
f 429/429/4 430/430/4 437/437/4 436/436/4
f 430/430/4 431/431/4 438/438/4 437/437/4
f 431/431/4 432/432/4 439/439/4 438/438/4
f 432/432/4 433/433/4 440/440/4 439/439/4
f 433/433/4 434/434/4 441/441/4 440/440/4
f 442/442/4 443/443/4 450/450/4 449/449/4
f 443/443/4 444/444/4 451/451/4 450/450/4
f 444/444/4 445/445/4 452/452/4 451/451/4
f 445/445/4 446/446/4 453/453/4 452/452/4
f 446/446/4 447/447/4 454/454/4 453/453/4
f 447/447/4 448/448/4 455/455/4 454/454/4
f 449/449/4 450/450/4 457/457/4 456/456/4
f 450/450/4 451/451/4 458/458/4 457/457/4
f 451/451/4 452/452/4 459/459/4 458/458/4
f 452/452/4 453/453/4 460/460/4 459/459/4
f 453/453/4 454/454/4 461/461/4 460/460/4
f 454/454/4 455/455/4 462/462/4 461/461/4
f 463/463/4 464/464/4 471/471/4 470/470/4
f 464/464/4 465/465/4 472/472/4 471/471/4
f 465/465/4 466/466/4 473/473/4 472/472/4
f 466/466/4 467/467/4 474/474/4 473/473/4
f 467/467/4 468/468/4 475/475/4 474/474/4
f 468/468/4 469/469/4 476/476/4 475/475/4
f 470/470/4 471/471/4 478/478/4 477/477/4
f 471/471/4 472/472/4 479/479/4 478/478/4
f 472/472/4 473/473/4 480/480/4 479/479/4
f 473/473/4 474/474/4 481/481/4 480/480/4
f 474/474/4 475/475/4 482/482/4 481/481/4
f 475/475/4 476/476/4 483/483/4 482/482/4
f 484/484/4 485/485/4 492/492/4 491/491/4
f 485/485/4 486/486/4 493/493/4 492/492/4
f 486/486/4 487/487/4 494/494/4 493/493/4
f 487/487/4 488/488/4 495/495/4 494/494/4
f 488/488/4 489/489/4 496/496/4 495/495/4
f 489/489/4 490/490/4 497/497/4 496/496/4
f 491/491/4 492/492/4 499/499/4 498/498/4
f 492/492/4 493/493/4 500/500/4 499/499/4
f 493/493/4 494/494/4 501/501/4 500/500/4
f 494/494/4 495/495/4 502/502/4 501/501/4
f 495/495/4 496/496/4 503/503/4 502/502/4
f 496/496/4 497/497/4 504/504/4 503/503/4
f 505/505/4 506/506/4 513/513/4 512/512/4
f 506/506/4 507/507/4 514/514/4 513/513/4
f 507/507/4 508/508/4 515/515/4 514/514/4
f 508/508/4 509/509/4 516/516/4 515/515/4
f 509/509/4 510/510/4 517/517/4 516/516/4
f 510/510/4 511/511/4 518/518/4 517/517/4
f 512/512/4 513/513/4 520/520/4 519/519/4
f 513/513/4 514/514/4 521/521/4 520/520/4
f 514/514/4 515/515/4 522/522/4 521/521/4
f 515/515/4 516/516/4 523/523/4 522/522/4
f 516/516/4 517/517/4 524/524/4 523/523/4
f 517/517/4 518/518/4 525/525/4 524/524/4
f 526/526/4 527/527/4 534/534/4 533/533/4
f 527/527/4 528/528/4 535/535/4 534/534/4
f 528/528/4 529/529/4 536/536/4 535/535/4
f 529/529/4 530/530/4 537/537/4 536/536/4
f 530/530/4 531/531/4 538/538/4 537/537/4
f 531/531/4 532/532/4 539/539/4 538/538/4
f 533/533/4 534/534/4 541/541/4 540/540/4
f 534/534/4 535/535/4 542/542/4 541/541/4
f 535/535/4 536/536/4 543/543/4 542/542/4
f 536/536/4 537/537/4 544/544/4 543/543/4
f 537/537/4 538/538/4 545/545/4 544/544/4
f 538/538/4 539/539/4 546/546/4 545/545/4
f 547/547/4 548/548/4 555/555/4 554/554/4
f 548/548/4 549/549/4 556/556/4 555/555/4
f 549/549/4 550/550/4 557/557/4 556/556/4
f 550/550/4 551/551/4 558/558/4 557/557/4
f 551/551/4 552/552/4 559/559/4 558/558/4
f 552/552/4 553/553/4 560/560/4 559/559/4
f 554/554/4 555/555/4 562/562/4 561/561/4
f 555/555/4 556/556/4 563/563/4 562/562/4
f 556/556/4 557/557/4 564/564/4 563/563/4
f 557/557/4 558/558/4 565/565/4 564/564/4
f 558/558/4 559/559/4 566/566/4 565/565/4
f 559/559/4 560/560/4 567/567/4 566/566/4
f 568/568/4 569/569/4 576/576/4 575/575/4
f 569/569/4 570/570/4 577/577/4 576/576/4
f 570/570/4 571/571/4 578/578/4 577/577/4
f 571/571/4 572/572/4 579/579/4 578/578/4
f 572/572/4 573/573/4 580/580/4 579/579/4
f 573/573/4 574/574/4 581/581/4 580/580/4
f 575/575/4 576/576/4 583/583/4 582/582/4
f 576/576/4 577/577/4 584/584/4 583/583/4
f 577/577/4 578/578/4 585/585/4 584/584/4
f 578/578/4 579/579/4 586/586/4 585/585/4
f 579/579/4 580/580/4 587/587/4 586/586/4
f 580/580/4 581/581/4 588/588/4 587/587/4
f 589/589/4 590/590/4 597/597/4 596/596/4
f 590/590/4 591/591/4 598/598/4 597/597/4
f 591/591/4 592/592/4 599/599/4 598/598/4
f 592/592/4 593/593/4 600/600/4 599/599/4
f 593/593/4 594/594/4 601/601/4 600/600/4
f 594/594/4 595/595/4 602/602/4 601/601/4
f 596/596/4 597/597/4 604/604/4 603/603/4
f 597/597/4 598/598/4 605/605/4 604/604/4
f 598/598/4 599/599/4 606/606/4 605/605/4
f 599/599/4 600/600/4 607/607/4 606/606/4
f 600/600/4 601/601/4 608/608/4 607/607/4
f 601/601/4 602/602/4 609/609/4 608/608/4
f 610/610/4 611/611/4 618/618/4 617/617/4
f 611/611/4 612/612/4 619/619/4 618/618/4
f 612/612/4 613/613/4 620/620/4 619/619/4
f 613/613/4 614/614/4 621/621/4 620/620/4
f 614/614/4 615/615/4 622/622/4 621/621/4
f 615/615/4 616/616/4 623/623/4 622/622/4
f 617/617/4 618/618/4 625/625/4 624/624/4
f 618/618/4 619/619/4 626/626/4 625/625/4
f 619/619/4 620/620/4 627/627/4 626/626/4
f 620/620/4 621/621/4 628/628/4 627/627/4
f 621/621/4 622/622/4 629/629/4 628/628/4
f 622/622/4 623/623/4 630/630/4 629/629/4
f 631/631/4 632/632/4 639/639/4 638/638/4
f 632/632/4 633/633/4 640/640/4 639/639/4
f 633/633/4 634/634/4 641/641/4 640/640/4
f 634/634/4 635/635/4 642/642/4 641/641/4
f 635/635/4 636/636/4 643/643/4 642/642/4
f 636/636/4 637/637/4 644/644/4 643/643/4
f 638/638/4 639/639/4 646/646/4 645/645/4
f 639/639/4 640/640/4 647/647/4 646/646/4
f 640/640/4 641/641/4 648/648/4 647/647/4
f 641/641/4 642/642/4 649/649/4 648/648/4
f 642/642/4 643/643/4 650/650/4 649/649/4
f 643/643/4 644/644/4 651/651/4 650/650/4
f 652/652/4 653/653/4 660/660/4 659/659/4
f 653/653/4 654/654/4 661/661/4 660/660/4
f 654/654/4 655/655/4 662/662/4 661/661/4
f 655/655/4 656/656/4 663/663/4 662/662/4
f 656/656/4 657/657/4 664/664/4 663/663/4
f 657/657/4 658/658/4 665/665/4 664/664/4
f 659/659/4 660/660/4 667/667/4 666/666/4
f 660/660/4 661/661/4 668/668/4 667/667/4
f 661/661/4 662/662/4 669/669/4 668/668/4
f 662/662/4 663/663/4 670/670/4 669/669/4
f 663/663/4 664/664/4 671/671/4 670/670/4
f 664/664/4 665/665/4 672/672/4 671/671/4
f 673/673/2 674/674/2 681/681/2 680/680/2
f 674/674/2 675/675/2 682/682/2 681/681/2
f 675/675/2 676/676/2 683/683/2 682/682/2
f 676/676/2 677/677/2 684/684/2 683/683/2
f 677/677/2 678/678/2 685/685/2 684/684/2
f 678/678/2 679/679/2 686/686/2 685/685/2
f 680/680/2 681/681/2 688/688/2 687/687/2
f 681/681/2 682/682/2 689/689/2 688/688/2
f 682/682/2 683/683/2 690/690/2 689/689/2
f 683/683/2 684/684/2 691/691/2 690/690/2
f 684/684/2 685/685/2 692/692/2 691/691/2
f 685/685/2 686/686/2 693/693/2 692/692/2
f 687/687/2 688/688/2 695/695/2 694/694/2
f 688/688/2 689/689/2 696/696/2 695/695/2
f 689/689/2 690/690/2 697/697/2 696/696/2
f 690/690/2 691/691/2 698/698/2 697/697/2
f 691/691/2 692/692/2 699/699/2 698/698/2
f 692/692/2 693/693/2 700/700/2 699/699/2
f 694/694/2 695/695/2 702/702/2 701/701/2
f 695/695/2 696/696/2 703/703/2 702/702/2
f 696/696/2 697/697/2 704/704/2 703/703/2
f 697/697/2 698/698/2 705/705/2 704/704/2
f 698/698/2 699/699/2 706/706/2 705/705/2
f 699/699/2 700/700/2 707/707/2 706/706/2
f 708/708/4 709/709/4 716/716/4 715/715/4
f 709/709/4 710/710/4 717/717/4 716/716/4
f 710/710/4 711/711/4 718/718/4 717/717/4
f 711/711/4 712/712/4 719/719/4 718/718/4
f 712/712/4 713/713/4 720/720/4 719/719/4
f 713/713/4 714/714/4 721/721/4 720/720/4
f 715/715/4 716/716/4 723/723/4 722/722/4
f 716/716/4 717/717/4 724/724/4 723/723/4
f 717/717/4 718/718/4 725/725/4 724/724/4
f 718/718/4 719/719/4 726/726/4 725/725/4
f 719/719/4 720/720/4 727/727/4 726/726/4
f 720/720/4 721/721/4 728/728/4 727/727/4
f 729/729/3 736/736/3 737/737/3 730/730/3
f 730/730/3 737/737/3 738/738/3 731/731/3
f 731/731/3 738/738/3 739/739/3 732/732/3
f 732/732/3 739/739/3 740/740/3 733/733/3
f 733/733/3 740/740/3 741/741/3 734/734/3
f 734/734/3 741/741/3 742/742/3 735/735/3
f 736/736/3 743/743/3 744/744/3 737/737/3
f 737/737/3 744/744/3 745/745/3 738/738/3
f 738/738/3 745/745/3 746/746/3 739/739/3
f 739/739/3 746/746/3 747/747/3 740/740/3
f 740/740/3 747/747/3 748/748/3 741/741/3
f 741/741/3 748/748/3 749/749/3 742/742/3
f 743/743/3 750/750/3 751/751/3 744/744/3
f 744/744/3 751/751/3 752/752/3 745/745/3
f 745/745/3 752/752/3 753/753/3 746/746/3
f 746/746/3 753/753/3 754/754/3 747/747/3
f 747/747/3 754/754/3 755/755/3 748/748/3
f 748/748/3 755/755/3 756/756/3 749/749/3
f 750/750/3 757/757/3 758/758/3 751/751/3
f 751/751/3 758/758/3 759/759/3 752/752/3
f 752/752/3 759/759/3 760/760/3 753/753/3
f 753/753/3 760/760/3 761/761/3 754/754/3
f 754/754/3 761/761/3 762/762/3 755/755/3
f 755/755/3 762/762/3 763/763/3 756/756/3
f 764/764/2 765/765/2 772/772/2 771/771/2
f 765/765/2 766/766/2 773/773/2 772/772/2
f 766/766/2 767/767/2 774/774/2 773/773/2
f 767/767/2 768/768/2 775/775/2 774/774/2
f 768/768/2 769/769/2 776/776/2 775/775/2
f 769/769/2 770/770/2 777/777/2 776/776/2
f 771/771/2 772/772/2 779/779/2 778/778/2
f 772/772/2 773/773/2 780/780/2 779/779/2
f 773/773/2 774/774/2 781/781/2 780/780/2
f 774/774/2 775/775/2 782/782/2 781/781/2
f 775/775/2 776/776/2 783/783/2 782/782/2
f 776/776/2 777/777/2 784/784/2 783/783/2
f 778/778/2 779/779/2 786/786/2 785/785/2
f 779/779/2 780/780/2 787/787/2 786/786/2
f 780/780/2 781/781/2 788/788/2 787/787/2
f 781/781/2 782/782/2 789/789/2 788/788/2
f 782/782/2 783/783/2 790/790/2 789/789/2
f 783/783/2 784/784/2 791/791/2 790/790/2
f 785/785/2 786/786/2 793/793/2 792/792/2
f 786/786/2 787/787/2 794/794/2 793/793/2
f 787/787/2 788/788/2 795/795/2 794/794/2
f 788/788/2 789/789/2 796/796/2 795/795/2
f 789/789/2 790/790/2 797/797/2 796/796/2
f 790/790/2 791/791/2 798/798/2 797/797/2
f 799/799/4 800/800/4 807/807/4 806/806/4
f 800/800/4 801/801/4 808/808/4 807/807/4
f 801/801/4 802/802/4 809/809/4 808/808/4
f 802/802/4 803/803/4 810/810/4 809/809/4
f 803/803/4 804/804/4 811/811/4 810/810/4
f 804/804/4 805/805/4 812/812/4 811/811/4
f 806/806/4 807/807/4 814/814/4 813/813/4
f 807/807/4 808/808/4 815/815/4 814/814/4
f 808/808/4 809/809/4 816/816/4 815/815/4
f 809/809/4 810/810/4 817/817/4 816/816/4
f 810/810/4 811/811/4 818/818/4 817/817/4
f 811/811/4 812/812/4 819/819/4 818/818/4
f 820/820/3 827/827/3 828/828/3 821/821/3
f 821/821/3 828/828/3 829/829/3 822/822/3
f 822/822/3 829/829/3 830/830/3 823/823/3
f 823/823/3 830/830/3 831/831/3 824/824/3
f 824/824/3 831/831/3 832/832/3 825/825/3
f 825/825/3 832/832/3 833/833/3 826/826/3
f 827/827/3 834/834/3 835/835/3 828/828/3
f 828/828/3 835/835/3 836/836/3 829/829/3
f 829/829/3 836/836/3 837/837/3 830/830/3
f 830/830/3 837/837/3 838/838/3 831/831/3
f 831/831/3 838/838/3 839/839/3 832/832/3
f 832/832/3 839/839/3 840/840/3 833/833/3
f 834/834/3 841/841/3 842/842/3 835/835/3
f 835/835/3 842/842/3 843/843/3 836/836/3
f 836/836/3 843/843/3 844/844/3 837/837/3
f 837/837/3 844/844/3 845/845/3 838/838/3
f 838/838/3 845/845/3 846/846/3 839/839/3
f 839/839/3 846/846/3 847/847/3 840/840/3
f 841/841/3 848/848/3 849/849/3 842/842/3
f 842/842/3 849/849/3 850/850/3 843/843/3
f 843/843/3 850/850/3 851/851/3 844/844/3
f 844/844/3 851/851/3 852/852/3 845/845/3
f 845/845/3 852/852/3 853/853/3 846/846/3
f 846/846/3 853/853/3 854/854/3 847/847/3
f 855/855/2 856/856/2 863/863/2 862/862/2
f 856/856/2 857/857/2 864/864/2 863/863/2
f 857/857/2 858/858/2 865/865/2 864/864/2
f 858/858/2 859/859/2 866/866/2 865/865/2
f 859/859/2 860/860/2 867/867/2 866/866/2
f 860/860/2 861/861/2 868/868/2 867/867/2
f 862/862/2 863/863/2 870/870/2 869/869/2
f 863/863/2 864/864/2 871/871/2 870/870/2
f 864/864/2 865/865/2 872/872/2 871/871/2
f 865/865/2 866/866/2 873/873/2 872/872/2
f 866/866/2 867/867/2 874/874/2 873/873/2
f 867/867/2 868/868/2 875/875/2 874/874/2
f 869/869/2 870/870/2 877/877/2 876/876/2
f 870/870/2 871/871/2 878/878/2 877/877/2
f 871/871/2 872/872/2 879/879/2 878/878/2
f 872/872/2 873/873/2 880/880/2 879/879/2
f 873/873/2 874/874/2 881/881/2 880/880/2
f 874/874/2 875/875/2 882/882/2 881/881/2
f 876/876/2 877/877/2 884/884/2 883/883/2
f 877/877/2 878/878/2 885/885/2 884/884/2
f 878/878/2 879/879/2 886/886/2 885/885/2
f 879/879/2 880/880/2 887/887/2 886/886/2
f 880/880/2 881/881/2 888/888/2 887/887/2
f 881/881/2 882/882/2 889/889/2 888/888/2
f 890/890/4 891/891/4 898/898/4 897/897/4
f 891/891/4 892/892/4 899/899/4 898/898/4
f 892/892/4 893/893/4 900/900/4 899/899/4
f 893/893/4 894/894/4 901/901/4 900/900/4
f 894/894/4 895/895/4 902/902/4 901/901/4
f 895/895/4 896/896/4 903/903/4 902/902/4
f 897/897/4 898/898/4 905/905/4 904/904/4
f 898/898/4 899/899/4 906/906/4 905/905/4
f 899/899/4 900/900/4 907/907/4 906/906/4
f 900/900/4 901/901/4 908/908/4 907/907/4
f 901/901/4 902/902/4 909/909/4 908/908/4
f 902/902/4 903/903/4 910/910/4 909/909/4
f 911/911/3 918/918/3 919/919/3 912/912/3
f 912/912/3 919/919/3 920/920/3 913/913/3
f 913/913/3 920/920/3 921/921/3 914/914/3
f 914/914/3 921/921/3 922/922/3 915/915/3
f 915/915/3 922/922/3 923/923/3 916/916/3
f 916/916/3 923/923/3 924/924/3 917/917/3
f 918/918/3 925/925/3 926/926/3 919/919/3
f 919/919/3 926/926/3 927/927/3 920/920/3
f 920/920/3 927/927/3 928/928/3 921/921/3
f 921/921/3 928/928/3 929/929/3 922/922/3
f 922/922/3 929/929/3 930/930/3 923/923/3
f 923/923/3 930/930/3 931/931/3 924/924/3
f 925/925/3 932/932/3 933/933/3 926/926/3
f 926/926/3 933/933/3 934/934/3 927/927/3
f 927/927/3 934/934/3 935/935/3 928/928/3
f 928/928/3 935/935/3 936/936/3 929/929/3
f 929/929/3 936/936/3 937/937/3 930/930/3
f 930/930/3 937/937/3 938/938/3 931/931/3
f 932/932/3 939/939/3 940/940/3 933/933/3
f 933/933/3 940/940/3 941/941/3 934/934/3
f 934/934/3 941/941/3 942/942/3 935/935/3
f 935/935/3 942/942/3 943/943/3 936/936/3
f 936/936/3 943/943/3 944/944/3 937/937/3
f 937/937/3 944/944/3 945/945/3 938/938/3
f 946/946/2 947/947/2 954/954/2 953/953/2
f 947/947/2 948/948/2 955/955/2 954/954/2
f 948/948/2 949/949/2 956/956/2 955/955/2
f 949/949/2 950/950/2 957/957/2 956/956/2
f 950/950/2 951/951/2 958/958/2 957/957/2
f 951/951/2 952/952/2 959/959/2 958/958/2
f 953/953/2 954/954/2 961/961/2 960/960/2
f 954/954/2 955/955/2 962/962/2 961/961/2
f 955/955/2 956/956/2 963/963/2 962/962/2
f 956/956/2 957/957/2 964/964/2 963/963/2
f 957/957/2 958/958/2 965/965/2 964/964/2
f 958/958/2 959/959/2 966/966/2 965/965/2
f 960/960/2 961/961/2 968/968/2 967/967/2
f 961/961/2 962/962/2 969/969/2 968/968/2
f 962/962/2 963/963/2 970/970/2 969/969/2
f 963/963/2 964/964/2 971/971/2 970/970/2
f 964/964/2 965/965/2 972/972/2 971/971/2
f 965/965/2 966/966/2 973/973/2 972/972/2
f 967/967/2 968/968/2 975/975/2 974/974/2
f 968/968/2 969/969/2 976/976/2 975/975/2
f 969/969/2 970/970/2 977/977/2 976/976/2
f 970/970/2 971/971/2 978/978/2 977/977/2
f 971/971/2 972/972/2 979/979/2 978/978/2
f 972/972/2 973/973/2 980/980/2 979/979/2
f 981/981/4 982/982/4 989/989/4 988/988/4
f 982/982/4 983/983/4 990/990/4 989/989/4
f 983/983/4 984/984/4 991/991/4 990/990/4
f 984/984/4 985/985/4 992/992/4 991/991/4
f 985/985/4 986/986/4 993/993/4 992/992/4
f 986/986/4 987/987/4 994/994/4 993/993/4
f 988/988/4 989/989/4 996/996/4 995/995/4
f 989/989/4 990/990/4 997/997/4 996/996/4
f 990/990/4 991/991/4 998/998/4 997/997/4
f 991/991/4 992/992/4 999/999/4 998/998/4
f 992/992/4 993/993/4 1000/1000/4 999/999/4
f 993/993/4 994/994/4 1001/1001/4 1000/1000/4
f 1002/1002/3 1009/1009/3 1010/1010/3 1003/1003/3
f 1003/1003/3 1010/1010/3 1011/1011/3 1004/1004/3
f 1004/1004/3 1011/1011/3 1012/1012/3 1005/1005/3
f 1005/1005/3 1012/1012/3 1013/1013/3 1006/1006/3
f 1006/1006/3 1013/1013/3 1014/1014/3 1007/1007/3
f 1007/1007/3 1014/1014/3 1015/1015/3 1008/1008/3
f 1009/1009/3 1016/1016/3 1017/1017/3 1010/1010/3
f 1010/1010/3 1017/1017/3 1018/1018/3 1011/1011/3
f 1011/1011/3 1018/1018/3 1019/1019/3 1012/1012/3
f 1012/1012/3 1019/1019/3 1020/1020/3 1013/1013/3
f 1013/1013/3 1020/1020/3 1021/1021/3 1014/1014/3
f 1014/1014/3 1021/1021/3 1022/1022/3 1015/1015/3
f 1016/1016/3 1023/1023/3 1024/1024/3 1017/1017/3
f 1017/1017/3 1024/1024/3 1025/1025/3 1018/1018/3
f 1018/1018/3 1025/1025/3 1026/1026/3 1019/1019/3
f 1019/1019/3 1026/1026/3 1027/1027/3 1020/1020/3
f 1020/1020/3 1027/1027/3 1028/1028/3 1021/1021/3
f 1021/1021/3 1028/1028/3 1029/1029/3 1022/1022/3
f 1023/1023/3 1030/1030/3 1031/1031/3 1024/1024/3
f 1024/1024/3 1031/1031/3 1032/1032/3 1025/1025/3
f 1025/1025/3 1032/1032/3 1033/1033/3 1026/1026/3
f 1026/1026/3 1033/1033/3 1034/1034/3 1027/1027/3
f 1027/1027/3 1034/1034/3 1035/1035/3 1028/1028/3
f 1028/1028/3 1035/1035/3 1036/1036/3 1029/1029/3
f 1037/1037/2 1038/1038/2 1045/1045/2 1044/1044/2
f 1038/1038/2 1039/1039/2 1046/1046/2 1045/1045/2
f 1039/1039/2 1040/1040/2 1047/1047/2 1046/1046/2
f 1040/1040/2 1041/1041/2 1048/1048/2 1047/1047/2
f 1041/1041/2 1042/1042/2 1049/1049/2 1048/1048/2
f 1042/1042/2 1043/1043/2 1050/1050/2 1049/1049/2
f 1044/1044/2 1045/1045/2 1052/1052/2 1051/1051/2
f 1045/1045/2 1046/1046/2 1053/1053/2 1052/1052/2
f 1046/1046/2 1047/1047/2 1054/1054/2 1053/1053/2
f 1047/1047/2 1048/1048/2 1055/1055/2 1054/1054/2
f 1048/1048/2 1049/1049/2 1056/1056/2 1055/1055/2
f 1049/1049/2 1050/1050/2 1057/1057/2 1056/1056/2
f 1051/1051/2 1052/1052/2 1059/1059/2 1058/1058/2
f 1052/1052/2 1053/1053/2 1060/1060/2 1059/1059/2
f 1053/1053/2 1054/1054/2 1061/1061/2 1060/1060/2
f 1054/1054/2 1055/1055/2 1062/1062/2 1061/1061/2
f 1055/1055/2 1056/1056/2 1063/1063/2 1062/1062/2
f 1056/1056/2 1057/1057/2 1064/1064/2 1063/1063/2
f 1058/1058/2 1059/1059/2 1066/1066/2 1065/1065/2
f 1059/1059/2 1060/1060/2 1067/1067/2 1066/1066/2
f 1060/1060/2 1061/1061/2 1068/1068/2 1067/1067/2
f 1061/1061/2 1062/1062/2 1069/1069/2 1068/1068/2
f 1062/1062/2 1063/1063/2 1070/1070/2 1069/1069/2
f 1063/1063/2 1064/1064/2 1071/1071/2 1070/1070/2
f 1072/1072/4 1073/1073/4 1080/1080/4 1079/1079/4
f 1073/1073/4 1074/1074/4 1081/1081/4 1080/1080/4
f 1074/1074/4 1075/1075/4 1082/1082/4 1081/1081/4
f 1075/1075/4 1076/1076/4 1083/1083/4 1082/1082/4
f 1076/1076/4 1077/1077/4 1084/1084/4 1083/1083/4
f 1077/1077/4 1078/1078/4 1085/1085/4 1084/1084/4
f 1079/1079/4 1080/1080/4 1087/1087/4 1086/1086/4
f 1080/1080/4 1081/1081/4 1088/1088/4 1087/1087/4
f 1081/1081/4 1082/1082/4 1089/1089/4 1088/1088/4
f 1082/1082/4 1083/1083/4 1090/1090/4 1089/1089/4
f 1083/1083/4 1084/1084/4 1091/1091/4 1090/1090/4
f 1084/1084/4 1085/1085/4 1092/1092/4 1091/1091/4
f 1093/1093/3 1100/1100/3 1101/1101/3 1094/1094/3
f 1094/1094/3 1101/1101/3 1102/1102/3 1095/1095/3
f 1095/1095/3 1102/1102/3 1103/1103/3 1096/1096/3
f 1096/1096/3 1103/1103/3 1104/1104/3 1097/1097/3
f 1097/1097/3 1104/1104/3 1105/1105/3 1098/1098/3
f 1098/1098/3 1105/1105/3 1106/1106/3 1099/1099/3
f 1100/1100/3 1107/1107/3 1108/1108/3 1101/1101/3
f 1101/1101/3 1108/1108/3 1109/1109/3 1102/1102/3
f 1102/1102/3 1109/1109/3 1110/1110/3 1103/1103/3
f 1103/1103/3 1110/1110/3 1111/1111/3 1104/1104/3
f 1104/1104/3 1111/1111/3 1112/1112/3 1105/1105/3
f 1105/1105/3 1112/1112/3 1113/1113/3 1106/1106/3
f 1107/1107/3 1114/1114/3 1115/1115/3 1108/1108/3
f 1108/1108/3 1115/1115/3 1116/1116/3 1109/1109/3
f 1109/1109/3 1116/1116/3 1117/1117/3 1110/1110/3
f 1110/1110/3 1117/1117/3 1118/1118/3 1111/1111/3
f 1111/1111/3 1118/1118/3 1119/1119/3 1112/1112/3
f 1112/1112/3 1119/1119/3 1120/1120/3 1113/1113/3
f 1114/1114/3 1121/1121/3 1122/1122/3 1115/1115/3
f 1115/1115/3 1122/1122/3 1123/1123/3 1116/1116/3
f 1116/1116/3 1123/1123/3 1124/1124/3 1117/1117/3
f 1117/1117/3 1124/1124/3 1125/1125/3 1118/1118/3
f 1118/1118/3 1125/1125/3 1126/1126/3 1119/1119/3
f 1119/1119/3 1126/1126/3 1127/1127/3 1120/1120/3
f 1128/1128/2 1129/1129/2 1136/1136/2 1135/1135/2
f 1129/1129/2 1130/1130/2 1137/1137/2 1136/1136/2
f 1130/1130/2 1131/1131/2 1138/1138/2 1137/1137/2
f 1131/1131/2 1132/1132/2 1139/1139/2 1138/1138/2
f 1132/1132/2 1133/1133/2 1140/1140/2 1139/1139/2
f 1133/1133/2 1134/1134/2 1141/1141/2 1140/1140/2
f 1135/1135/2 1136/1136/2 1143/1143/2 1142/1142/2
f 1136/1136/2 1137/1137/2 1144/1144/2 1143/1143/2
f 1137/1137/2 1138/1138/2 1145/1145/2 1144/1144/2
f 1138/1138/2 1139/1139/2 1146/1146/2 1145/1145/2
f 1139/1139/2 1140/1140/2 1147/1147/2 1146/1146/2
f 1140/1140/2 1141/1141/2 1148/1148/2 1147/1147/2
f 1142/1142/2 1143/1143/2 1150/1150/2 1149/1149/2
f 1143/1143/2 1144/1144/2 1151/1151/2 1150/1150/2
f 1144/1144/2 1145/1145/2 1152/1152/2 1151/1151/2
f 1145/1145/2 1146/1146/2 1153/1153/2 1152/1152/2
f 1146/1146/2 1147/1147/2 1154/1154/2 1153/1153/2
f 1147/1147/2 1148/1148/2 1155/1155/2 1154/1154/2
f 1149/1149/2 1150/1150/2 1157/1157/2 1156/1156/2
f 1150/1150/2 1151/1151/2 1158/1158/2 1157/1157/2
f 1151/1151/2 1152/1152/2 1159/1159/2 1158/1158/2
f 1152/1152/2 1153/1153/2 1160/1160/2 1159/1159/2
f 1153/1153/2 1154/1154/2 1161/1161/2 1160/1160/2
f 1154/1154/2 1155/1155/2 1162/1162/2 1161/1161/2
f 1163/1163/4 1164/1164/4 1171/1171/4 1170/1170/4
f 1164/1164/4 1165/1165/4 1172/1172/4 1171/1171/4
f 1165/1165/4 1166/1166/4 1173/1173/4 1172/1172/4
f 1166/1166/4 1167/1167/4 1174/1174/4 1173/1173/4
f 1167/1167/4 1168/1168/4 1175/1175/4 1174/1174/4
f 1168/1168/4 1169/1169/4 1176/1176/4 1175/1175/4
f 1170/1170/4 1171/1171/4 1178/1178/4 1177/1177/4
f 1171/1171/4 1172/1172/4 1179/1179/4 1178/1178/4
f 1172/1172/4 1173/1173/4 1180/1180/4 1179/1179/4
f 1173/1173/4 1174/1174/4 1181/1181/4 1180/1180/4
f 1174/1174/4 1175/1175/4 1182/1182/4 1181/1181/4
f 1175/1175/4 1176/1176/4 1183/1183/4 1182/1182/4
f 1184/1184/3 1191/1191/3 1192/1192/3 1185/1185/3
f 1185/1185/3 1192/1192/3 1193/1193/3 1186/1186/3
f 1186/1186/3 1193/1193/3 1194/1194/3 1187/1187/3
f 1187/1187/3 1194/1194/3 1195/1195/3 1188/1188/3
f 1188/1188/3 1195/1195/3 1196/1196/3 1189/1189/3
f 1189/1189/3 1196/1196/3 1197/1197/3 1190/1190/3
f 1191/1191/3 1198/1198/3 1199/1199/3 1192/1192/3
f 1192/1192/3 1199/1199/3 1200/1200/3 1193/1193/3
f 1193/1193/3 1200/1200/3 1201/1201/3 1194/1194/3
f 1194/1194/3 1201/1201/3 1202/1202/3 1195/1195/3
f 1195/1195/3 1202/1202/3 1203/1203/3 1196/1196/3
f 1196/1196/3 1203/1203/3 1204/1204/3 1197/1197/3
f 1198/1198/3 1205/1205/3 1206/1206/3 1199/1199/3
f 1199/1199/3 1206/1206/3 1207/1207/3 1200/1200/3
f 1200/1200/3 1207/1207/3 1208/1208/3 1201/1201/3
f 1201/1201/3 1208/1208/3 1209/1209/3 1202/1202/3
f 1202/1202/3 1209/1209/3 1210/1210/3 1203/1203/3
f 1203/1203/3 1210/1210/3 1211/1211/3 1204/1204/3
f 1205/1205/3 1212/1212/3 1213/1213/3 1206/1206/3
f 1206/1206/3 1213/1213/3 1214/1214/3 1207/1207/3
f 1207/1207/3 1214/1214/3 1215/1215/3 1208/1208/3
f 1208/1208/3 1215/1215/3 1216/1216/3 1209/1209/3
f 1209/1209/3 1216/1216/3 1217/1217/3 1210/1210/3
f 1210/1210/3 1217/1217/3 1218/1218/3 1211/1211/3
f 1219/1219/2 1220/1220/2 1227/1227/2 1226/1226/2
f 1220/1220/2 1221/1221/2 1228/1228/2 1227/1227/2
f 1221/1221/2 1222/1222/2 1229/1229/2 1228/1228/2
f 1222/1222/2 1223/1223/2 1230/1230/2 1229/1229/2
f 1223/1223/2 1224/1224/2 1231/1231/2 1230/1230/2
f 1224/1224/2 1225/1225/2 1232/1232/2 1231/1231/2
f 1226/1226/2 1227/1227/2 1234/1234/2 1233/1233/2
f 1227/1227/2 1228/1228/2 1235/1235/2 1234/1234/2
f 1228/1228/2 1229/1229/2 1236/1236/2 1235/1235/2
f 1229/1229/2 1230/1230/2 1237/1237/2 1236/1236/2
f 1230/1230/2 1231/1231/2 1238/1238/2 1237/1237/2
f 1231/1231/2 1232/1232/2 1239/1239/2 1238/1238/2
f 1233/1233/2 1234/1234/2 1241/1241/2 1240/1240/2
f 1234/1234/2 1235/1235/2 1242/1242/2 1241/1241/2
f 1235/1235/2 1236/1236/2 1243/1243/2 1242/1242/2
f 1236/1236/2 1237/1237/2 1244/1244/2 1243/1243/2
f 1237/1237/2 1238/1238/2 1245/1245/2 1244/1244/2
f 1238/1238/2 1239/1239/2 1246/1246/2 1245/1245/2
f 1240/1240/2 1241/1241/2 1248/1248/2 1247/1247/2
f 1241/1241/2 1242/1242/2 1249/1249/2 1248/1248/2
f 1242/1242/2 1243/1243/2 1250/1250/2 1249/1249/2
f 1243/1243/2 1244/1244/2 1251/1251/2 1250/1250/2
f 1244/1244/2 1245/1245/2 1252/1252/2 1251/1251/2
f 1245/1245/2 1246/1246/2 1253/1253/2 1252/1252/2
f 1254/1254/4 1255/1255/4 1262/1262/4 1261/1261/4
f 1255/1255/4 1256/1256/4 1263/1263/4 1262/1262/4
f 1256/1256/4 1257/1257/4 1264/1264/4 1263/1263/4
f 1257/1257/4 1258/1258/4 1265/1265/4 1264/1264/4
f 1258/1258/4 1259/1259/4 1266/1266/4 1265/1265/4
f 1259/1259/4 1260/1260/4 1267/1267/4 1266/1266/4
f 1261/1261/4 1262/1262/4 1269/1269/4 1268/1268/4
f 1262/1262/4 1263/1263/4 1270/1270/4 1269/1269/4
f 1263/1263/4 1264/1264/4 1271/1271/4 1270/1270/4
f 1264/1264/4 1265/1265/4 1272/1272/4 1271/1271/4
f 1265/1265/4 1266/1266/4 1273/1273/4 1272/1272/4
f 1266/1266/4 1267/1267/4 1274/1274/4 1273/1273/4
f 1275/1275/3 1282/1282/3 1283/1283/3 1276/1276/3
f 1276/1276/3 1283/1283/3 1284/1284/3 1277/1277/3
f 1277/1277/3 1284/1284/3 1285/1285/3 1278/1278/3
f 1278/1278/3 1285/1285/3 1286/1286/3 1279/1279/3
f 1279/1279/3 1286/1286/3 1287/1287/3 1280/1280/3
f 1280/1280/3 1287/1287/3 1288/1288/3 1281/1281/3
f 1282/1282/3 1289/1289/3 1290/1290/3 1283/1283/3
f 1283/1283/3 1290/1290/3 1291/1291/3 1284/1284/3
f 1284/1284/3 1291/1291/3 1292/1292/3 1285/1285/3
f 1285/1285/3 1292/1292/3 1293/1293/3 1286/1286/3
f 1286/1286/3 1293/1293/3 1294/1294/3 1287/1287/3
f 1287/1287/3 1294/1294/3 1295/1295/3 1288/1288/3
f 1289/1289/3 1296/1296/3 1297/1297/3 1290/1290/3
f 1290/1290/3 1297/1297/3 1298/1298/3 1291/1291/3
f 1291/1291/3 1298/1298/3 1299/1299/3 1292/1292/3
f 1292/1292/3 1299/1299/3 1300/1300/3 1293/1293/3
f 1293/1293/3 1300/1300/3 1301/1301/3 1294/1294/3
f 1294/1294/3 1301/1301/3 1302/1302/3 1295/1295/3
f 1296/1296/3 1303/1303/3 1304/1304/3 1297/1297/3
f 1297/1297/3 1304/1304/3 1305/1305/3 1298/1298/3
f 1298/1298/3 1305/1305/3 1306/1306/3 1299/1299/3
f 1299/1299/3 1306/1306/3 1307/1307/3 1300/1300/3
f 1300/1300/3 1307/1307/3 1308/1308/3 1301/1301/3
f 1301/1301/3 1308/1308/3 1309/1309/3 1302/1302/3
f 1310/1310/2 1311/1311/2 1318/1318/2 1317/1317/2
f 1311/1311/2 1312/1312/2 1319/1319/2 1318/1318/2
f 1312/1312/2 1313/1313/2 1320/1320/2 1319/1319/2
f 1313/1313/2 1314/1314/2 1321/1321/2 1320/1320/2
f 1314/1314/2 1315/1315/2 1322/1322/2 1321/1321/2
f 1315/1315/2 1316/1316/2 1323/1323/2 1322/1322/2
f 1317/1317/2 1318/1318/2 1325/1325/2 1324/1324/2
f 1318/1318/2 1319/1319/2 1326/1326/2 1325/1325/2
f 1319/1319/2 1320/1320/2 1327/1327/2 1326/1326/2
f 1320/1320/2 1321/1321/2 1328/1328/2 1327/1327/2
f 1321/1321/2 1322/1322/2 1329/1329/2 1328/1328/2
f 1322/1322/2 1323/1323/2 1330/1330/2 1329/1329/2
f 1324/1324/2 1325/1325/2 1332/1332/2 1331/1331/2
f 1325/1325/2 1326/1326/2 1333/1333/2 1332/1332/2
f 1326/1326/2 1327/1327/2 1334/1334/2 1333/1333/2
f 1327/1327/2 1328/1328/2 1335/1335/2 1334/1334/2
f 1328/1328/2 1329/1329/2 1336/1336/2 1335/1335/2
f 1329/1329/2 1330/1330/2 1337/1337/2 1336/1336/2
f 1331/1331/2 1332/1332/2 1339/1339/2 1338/1338/2
f 1332/1332/2 1333/1333/2 1340/1340/2 1339/1339/2
f 1333/1333/2 1334/1334/2 1341/1341/2 1340/1340/2
f 1334/1334/2 1335/1335/2 1342/1342/2 1341/1341/2
f 1335/1335/2 1336/1336/2 1343/1343/2 1342/1342/2
f 1336/1336/2 1337/1337/2 1344/1344/2 1343/1343/2
f 1345/1345/4 1346/1346/4 1353/1353/4 1352/1352/4
f 1346/1346/4 1347/1347/4 1354/1354/4 1353/1353/4
f 1347/1347/4 1348/1348/4 1355/1355/4 1354/1354/4
f 1348/1348/4 1349/1349/4 1356/1356/4 1355/1355/4
f 1349/1349/4 1350/1350/4 1357/1357/4 1356/1356/4
f 1350/1350/4 1351/1351/4 1358/1358/4 1357/1357/4
f 1352/1352/4 1353/1353/4 1360/1360/4 1359/1359/4
f 1353/1353/4 1354/1354/4 1361/1361/4 1360/1360/4
f 1354/1354/4 1355/1355/4 1362/1362/4 1361/1361/4
f 1355/1355/4 1356/1356/4 1363/1363/4 1362/1362/4
f 1356/1356/4 1357/1357/4 1364/1364/4 1363/1363/4
f 1357/1357/4 1358/1358/4 1365/1365/4 1364/1364/4
f 1366/1366/3 1373/1373/3 1374/1374/3 1367/1367/3
f 1367/1367/3 1374/1374/3 1375/1375/3 1368/1368/3
f 1368/1368/3 1375/1375/3 1376/1376/3 1369/1369/3
f 1369/1369/3 1376/1376/3 1377/1377/3 1370/1370/3
f 1370/1370/3 1377/1377/3 1378/1378/3 1371/1371/3
f 1371/1371/3 1378/1378/3 1379/1379/3 1372/1372/3
f 1373/1373/3 1380/1380/3 1381/1381/3 1374/1374/3
f 1374/1374/3 1381/1381/3 1382/1382/3 1375/1375/3
f 1375/1375/3 1382/1382/3 1383/1383/3 1376/1376/3
f 1376/1376/3 1383/1383/3 1384/1384/3 1377/1377/3
f 1377/1377/3 1384/1384/3 1385/1385/3 1378/1378/3
f 1378/1378/3 1385/1385/3 1386/1386/3 1379/1379/3
f 1380/1380/3 1387/1387/3 1388/1388/3 1381/1381/3
f 1381/1381/3 1388/1388/3 1389/1389/3 1382/1382/3
f 1382/1382/3 1389/1389/3 1390/1390/3 1383/1383/3
f 1383/1383/3 1390/1390/3 1391/1391/3 1384/1384/3
f 1384/1384/3 1391/1391/3 1392/1392/3 1385/1385/3
f 1385/1385/3 1392/1392/3 1393/1393/3 1386/1386/3
f 1387/1387/3 1394/1394/3 1395/1395/3 1388/1388/3
f 1388/1388/3 1395/1395/3 1396/1396/3 1389/1389/3
f 1389/1389/3 1396/1396/3 1397/1397/3 1390/1390/3
f 1390/1390/3 1397/1397/3 1398/1398/3 1391/1391/3
f 1391/1391/3 1398/1398/3 1399/1399/3 1392/1392/3
f 1392/1392/3 1399/1399/3 1400/1400/3 1393/1393/3
f 1401/1401/2 1402/1402/2 1409/1409/2 1408/1408/2
f 1402/1402/2 1403/1403/2 1410/1410/2 1409/1409/2
f 1403/1403/2 1404/1404/2 1411/1411/2 1410/1410/2
f 1404/1404/2 1405/1405/2 1412/1412/2 1411/1411/2
f 1405/1405/2 1406/1406/2 1413/1413/2 1412/1412/2
f 1406/1406/2 1407/1407/2 1414/1414/2 1413/1413/2
f 1408/1408/2 1409/1409/2 1416/1416/2 1415/1415/2
f 1409/1409/2 1410/1410/2 1417/1417/2 1416/1416/2
f 1410/1410/2 1411/1411/2 1418/1418/2 1417/1417/2
f 1411/1411/2 1412/1412/2 1419/1419/2 1418/1418/2
f 1412/1412/2 1413/1413/2 1420/1420/2 1419/1419/2
f 1413/1413/2 1414/1414/2 1421/1421/2 1420/1420/2
f 1415/1415/2 1416/1416/2 1423/1423/2 1422/1422/2
f 1416/1416/2 1417/1417/2 1424/1424/2 1423/1423/2
f 1417/1417/2 1418/1418/2 1425/1425/2 1424/1424/2
f 1418/1418/2 1419/1419/2 1426/1426/2 1425/1425/2
f 1419/1419/2 1420/1420/2 1427/1427/2 1426/1426/2
f 1420/1420/2 1421/1421/2 1428/1428/2 1427/1427/2
f 1422/1422/2 1423/1423/2 1430/1430/2 1429/1429/2
f 1423/1423/2 1424/1424/2 1431/1431/2 1430/1430/2
f 1424/1424/2 1425/1425/2 1432/1432/2 1431/1431/2
f 1425/1425/2 1426/1426/2 1433/1433/2 1432/1432/2
f 1426/1426/2 1427/1427/2 1434/1434/2 1433/1433/2
f 1427/1427/2 1428/1428/2 1435/1435/2 1434/1434/2
f 1436/1436/4 1437/1437/4 1444/1444/4 1443/1443/4
f 1437/1437/4 1438/1438/4 1445/1445/4 1444/1444/4
f 1438/1438/4 1439/1439/4 1446/1446/4 1445/1445/4
f 1439/1439/4 1440/1440/4 1447/1447/4 1446/1446/4
f 1440/1440/4 1441/1441/4 1448/1448/4 1447/1447/4
f 1441/1441/4 1442/1442/4 1449/1449/4 1448/1448/4
f 1443/1443/4 1444/1444/4 1451/1451/4 1450/1450/4
f 1444/1444/4 1445/1445/4 1452/1452/4 1451/1451/4
f 1445/1445/4 1446/1446/4 1453/1453/4 1452/1452/4
f 1446/1446/4 1447/1447/4 1454/1454/4 1453/1453/4
f 1447/1447/4 1448/1448/4 1455/1455/4 1454/1454/4
f 1448/1448/4 1449/1449/4 1456/1456/4 1455/1455/4
f 1457/1457/3 1464/1464/3 1465/1465/3 1458/1458/3
f 1458/1458/3 1465/1465/3 1466/1466/3 1459/1459/3
f 1459/1459/3 1466/1466/3 1467/1467/3 1460/1460/3
f 1460/1460/3 1467/1467/3 1468/1468/3 1461/1461/3
f 1461/1461/3 1468/1468/3 1469/1469/3 1462/1462/3
f 1462/1462/3 1469/1469/3 1470/1470/3 1463/1463/3
f 1464/1464/3 1471/1471/3 1472/1472/3 1465/1465/3
f 1465/1465/3 1472/1472/3 1473/1473/3 1466/1466/3
f 1466/1466/3 1473/1473/3 1474/1474/3 1467/1467/3
f 1467/1467/3 1474/1474/3 1475/1475/3 1468/1468/3
f 1468/1468/3 1475/1475/3 1476/1476/3 1469/1469/3
f 1469/1469/3 1476/1476/3 1477/1477/3 1470/1470/3
f 1471/1471/3 1478/1478/3 1479/1479/3 1472/1472/3
f 1472/1472/3 1479/1479/3 1480/1480/3 1473/1473/3
f 1473/1473/3 1480/1480/3 1481/1481/3 1474/1474/3
f 1474/1474/3 1481/1481/3 1482/1482/3 1475/1475/3
f 1475/1475/3 1482/1482/3 1483/1483/3 1476/1476/3
f 1476/1476/3 1483/1483/3 1484/1484/3 1477/1477/3
f 1478/1478/3 1485/1485/3 1486/1486/3 1479/1479/3
f 1479/1479/3 1486/1486/3 1487/1487/3 1480/1480/3
f 1480/1480/3 1487/1487/3 1488/1488/3 1481/1481/3
f 1481/1481/3 1488/1488/3 1489/1489/3 1482/1482/3
f 1482/1482/3 1489/1489/3 1490/1490/3 1483/1483/3
f 1483/1483/3 1490/1490/3 1491/1491/3 1484/1484/3
f 1492/1492/2 1493/1493/2 1500/1500/2 1499/1499/2
f 1493/1493/2 1494/1494/2 1501/1501/2 1500/1500/2
f 1494/1494/2 1495/1495/2 1502/1502/2 1501/1501/2
f 1495/1495/2 1496/1496/2 1503/1503/2 1502/1502/2
f 1496/1496/2 1497/1497/2 1504/1504/2 1503/1503/2
f 1497/1497/2 1498/1498/2 1505/1505/2 1504/1504/2
f 1499/1499/2 1500/1500/2 1507/1507/2 1506/1506/2
f 1500/1500/2 1501/1501/2 1508/1508/2 1507/1507/2
f 1501/1501/2 1502/1502/2 1509/1509/2 1508/1508/2
f 1502/1502/2 1503/1503/2 1510/1510/2 1509/1509/2
f 1503/1503/2 1504/1504/2 1511/1511/2 1510/1510/2
f 1504/1504/2 1505/1505/2 1512/1512/2 1511/1511/2
f 1506/1506/2 1507/1507/2 1514/1514/2 1513/1513/2
f 1507/1507/2 1508/1508/2 1515/1515/2 1514/1514/2
f 1508/1508/2 1509/1509/2 1516/1516/2 1515/1515/2
f 1509/1509/2 1510/1510/2 1517/1517/2 1516/1516/2
f 1510/1510/2 1511/1511/2 1518/1518/2 1517/1517/2
f 1511/1511/2 1512/1512/2 1519/1519/2 1518/1518/2
f 1513/1513/2 1514/1514/2 1521/1521/2 1520/1520/2
f 1514/1514/2 1515/1515/2 1522/1522/2 1521/1521/2
f 1515/1515/2 1516/1516/2 1523/1523/2 1522/1522/2
f 1516/1516/2 1517/1517/2 1524/1524/2 1523/1523/2
f 1517/1517/2 1518/1518/2 1525/1525/2 1524/1524/2
f 1518/1518/2 1519/1519/2 1526/1526/2 1525/1525/2
f 1527/1527/4 1528/1528/4 1535/1535/4 1534/1534/4
f 1528/1528/4 1529/1529/4 1536/1536/4 1535/1535/4
f 1529/1529/4 1530/1530/4 1537/1537/4 1536/1536/4
f 1530/1530/4 1531/1531/4 1538/1538/4 1537/1537/4
f 1531/1531/4 1532/1532/4 1539/1539/4 1538/1538/4
f 1532/1532/4 1533/1533/4 1540/1540/4 1539/1539/4
f 1534/1534/4 1535/1535/4 1542/1542/4 1541/1541/4
f 1535/1535/4 1536/1536/4 1543/1543/4 1542/1542/4
f 1536/1536/4 1537/1537/4 1544/1544/4 1543/1543/4
f 1537/1537/4 1538/1538/4 1545/1545/4 1544/1544/4
f 1538/1538/4 1539/1539/4 1546/1546/4 1545/1545/4
f 1539/1539/4 1540/1540/4 1547/1547/4 1546/1546/4
f 1548/1548/3 1555/1555/3 1556/1556/3 1549/1549/3
f 1549/1549/3 1556/1556/3 1557/1557/3 1550/1550/3
f 1550/1550/3 1557/1557/3 1558/1558/3 1551/1551/3
f 1551/1551/3 1558/1558/3 1559/1559/3 1552/1552/3
f 1552/1552/3 1559/1559/3 1560/1560/3 1553/1553/3
f 1553/1553/3 1560/1560/3 1561/1561/3 1554/1554/3
f 1555/1555/3 1562/1562/3 1563/1563/3 1556/1556/3
f 1556/1556/3 1563/1563/3 1564/1564/3 1557/1557/3
f 1557/1557/3 1564/1564/3 1565/1565/3 1558/1558/3
f 1558/1558/3 1565/1565/3 1566/1566/3 1559/1559/3
f 1559/1559/3 1566/1566/3 1567/1567/3 1560/1560/3
f 1560/1560/3 1567/1567/3 1568/1568/3 1561/1561/3
f 1562/1562/3 1569/1569/3 1570/1570/3 1563/1563/3
f 1563/1563/3 1570/1570/3 1571/1571/3 1564/1564/3
f 1564/1564/3 1571/1571/3 1572/1572/3 1565/1565/3
f 1565/1565/3 1572/1572/3 1573/1573/3 1566/1566/3
f 1566/1566/3 1573/1573/3 1574/1574/3 1567/1567/3
f 1567/1567/3 1574/1574/3 1575/1575/3 1568/1568/3
f 1569/1569/3 1576/1576/3 1577/1577/3 1570/1570/3
f 1570/1570/3 1577/1577/3 1578/1578/3 1571/1571/3
f 1571/1571/3 1578/1578/3 1579/1579/3 1572/1572/3
f 1572/1572/3 1579/1579/3 1580/1580/3 1573/1573/3
f 1573/1573/3 1580/1580/3 1581/1581/3 1574/1574/3
f 1574/1574/3 1581/1581/3 1582/1582/3 1575/1575/3
f 1583/1583/2 1584/1584/2 1591/1591/2 1590/1590/2
f 1584/1584/2 1585/1585/2 1592/1592/2 1591/1591/2
f 1585/1585/2 1586/1586/2 1593/1593/2 1592/1592/2
f 1586/1586/2 1587/1587/2 1594/1594/2 1593/1593/2
f 1587/1587/2 1588/1588/2 1595/1595/2 1594/1594/2
f 1588/1588/2 1589/1589/2 1596/1596/2 1595/1595/2
f 1590/1590/2 1591/1591/2 1598/1598/2 1597/1597/2
f 1591/1591/2 1592/1592/2 1599/1599/2 1598/1598/2
f 1592/1592/2 1593/1593/2 1600/1600/2 1599/1599/2
f 1593/1593/2 1594/1594/2 1601/1601/2 1600/1600/2
f 1594/1594/2 1595/1595/2 1602/1602/2 1601/1601/2
f 1595/1595/2 1596/1596/2 1603/1603/2 1602/1602/2
f 1597/1597/2 1598/1598/2 1605/1605/2 1604/1604/2
f 1598/1598/2 1599/1599/2 1606/1606/2 1605/1605/2
f 1599/1599/2 1600/1600/2 1607/1607/2 1606/1606/2
f 1600/1600/2 1601/1601/2 1608/1608/2 1607/1607/2
f 1601/1601/2 1602/1602/2 1609/1609/2 1608/1608/2
f 1602/1602/2 1603/1603/2 1610/1610/2 1609/1609/2
f 1604/1604/2 1605/1605/2 1612/1612/2 1611/1611/2
f 1605/1605/2 1606/1606/2 1613/1613/2 1612/1612/2
f 1606/1606/2 1607/1607/2 1614/1614/2 1613/1613/2
f 1607/1607/2 1608/1608/2 1615/1615/2 1614/1614/2
f 1608/1608/2 1609/1609/2 1616/1616/2 1615/1615/2
f 1609/1609/2 1610/1610/2 1617/1617/2 1616/1616/2
f 1618/1618/4 1619/1619/4 1626/1626/4 1625/1625/4
f 1619/1619/4 1620/1620/4 1627/1627/4 1626/1626/4
f 1620/1620/4 1621/1621/4 1628/1628/4 1627/1627/4
f 1621/1621/4 1622/1622/4 1629/1629/4 1628/1628/4
f 1622/1622/4 1623/1623/4 1630/1630/4 1629/1629/4
f 1623/1623/4 1624/1624/4 1631/1631/4 1630/1630/4
f 1625/1625/4 1626/1626/4 1633/1633/4 1632/1632/4
f 1626/1626/4 1627/1627/4 1634/1634/4 1633/1633/4
f 1627/1627/4 1628/1628/4 1635/1635/4 1634/1634/4
f 1628/1628/4 1629/1629/4 1636/1636/4 1635/1635/4
f 1629/1629/4 1630/1630/4 1637/1637/4 1636/1636/4
f 1630/1630/4 1631/1631/4 1638/1638/4 1637/1637/4
f 1639/1639/3 1646/1646/3 1647/1647/3 1640/1640/3
f 1640/1640/3 1647/1647/3 1648/1648/3 1641/1641/3
f 1641/1641/3 1648/1648/3 1649/1649/3 1642/1642/3
f 1642/1642/3 1649/1649/3 1650/1650/3 1643/1643/3
f 1643/1643/3 1650/1650/3 1651/1651/3 1644/1644/3
f 1644/1644/3 1651/1651/3 1652/1652/3 1645/1645/3
f 1646/1646/3 1653/1653/3 1654/1654/3 1647/1647/3
f 1647/1647/3 1654/1654/3 1655/1655/3 1648/1648/3
f 1648/1648/3 1655/1655/3 1656/1656/3 1649/1649/3
f 1649/1649/3 1656/1656/3 1657/1657/3 1650/1650/3
f 1650/1650/3 1657/1657/3 1658/1658/3 1651/1651/3
f 1651/1651/3 1658/1658/3 1659/1659/3 1652/1652/3
f 1653/1653/3 1660/1660/3 1661/1661/3 1654/1654/3
f 1654/1654/3 1661/1661/3 1662/1662/3 1655/1655/3
f 1655/1655/3 1662/1662/3 1663/1663/3 1656/1656/3
f 1656/1656/3 1663/1663/3 1664/1664/3 1657/1657/3
f 1657/1657/3 1664/1664/3 1665/1665/3 1658/1658/3
f 1658/1658/3 1665/1665/3 1666/1666/3 1659/1659/3
f 1660/1660/3 1667/1667/3 1668/1668/3 1661/1661/3
f 1661/1661/3 1668/1668/3 1669/1669/3 1662/1662/3
f 1662/1662/3 1669/1669/3 1670/1670/3 1663/1663/3
f 1663/1663/3 1670/1670/3 1671/1671/3 1664/1664/3
f 1664/1664/3 1671/1671/3 1672/1672/3 1665/1665/3
f 1665/1665/3 1672/1672/3 1673/1673/3 1666/1666/3
f 1674/1674/2 1675/1675/2 1682/1682/2 1681/1681/2
f 1675/1675/2 1676/1676/2 1683/1683/2 1682/1682/2
f 1676/1676/2 1677/1677/2 1684/1684/2 1683/1683/2
f 1677/1677/2 1678/1678/2 1685/1685/2 1684/1684/2
f 1678/1678/2 1679/1679/2 1686/1686/2 1685/1685/2
f 1679/1679/2 1680/1680/2 1687/1687/2 1686/1686/2
f 1681/1681/2 1682/1682/2 1689/1689/2 1688/1688/2
f 1682/1682/2 1683/1683/2 1690/1690/2 1689/1689/2
f 1683/1683/2 1684/1684/2 1691/1691/2 1690/1690/2
f 1684/1684/2 1685/1685/2 1692/1692/2 1691/1691/2
f 1685/1685/2 1686/1686/2 1693/1693/2 1692/1692/2
f 1686/1686/2 1687/1687/2 1694/1694/2 1693/1693/2
f 1688/1688/2 1689/1689/2 1696/1696/2 1695/1695/2
f 1689/1689/2 1690/1690/2 1697/1697/2 1696/1696/2
f 1690/1690/2 1691/1691/2 1698/1698/2 1697/1697/2
f 1691/1691/2 1692/1692/2 1699/1699/2 1698/1698/2
f 1692/1692/2 1693/1693/2 1700/1700/2 1699/1699/2
f 1693/1693/2 1694/1694/2 1701/1701/2 1700/1700/2
f 1695/1695/2 1696/1696/2 1703/1703/2 1702/1702/2
f 1696/1696/2 1697/1697/2 1704/1704/2 1703/1703/2
f 1697/1697/2 1698/1698/2 1705/1705/2 1704/1704/2
f 1698/1698/2 1699/1699/2 1706/1706/2 1705/1705/2
f 1699/1699/2 1700/1700/2 1707/1707/2 1706/1706/2
f 1700/1700/2 1701/1701/2 1708/1708/2 1707/1707/2
f 1709/1709/4 1710/1710/4 1717/1717/4 1716/1716/4
f 1710/1710/4 1711/1711/4 1718/1718/4 1717/1717/4
f 1711/1711/4 1712/1712/4 1719/1719/4 1718/1718/4
f 1712/1712/4 1713/1713/4 1720/1720/4 1719/1719/4
f 1713/1713/4 1714/1714/4 1721/1721/4 1720/1720/4
f 1714/1714/4 1715/1715/4 1722/1722/4 1721/1721/4
f 1716/1716/4 1717/1717/4 1724/1724/4 1723/1723/4
f 1717/1717/4 1718/1718/4 1725/1725/4 1724/1724/4
f 1718/1718/4 1719/1719/4 1726/1726/4 1725/1725/4
f 1719/1719/4 1720/1720/4 1727/1727/4 1726/1726/4
f 1720/1720/4 1721/1721/4 1728/1728/4 1727/1727/4
f 1721/1721/4 1722/1722/4 1729/1729/4 1728/1728/4
f 1730/1730/3 1737/1737/3 1738/1738/3 1731/1731/3
f 1731/1731/3 1738/1738/3 1739/1739/3 1732/1732/3
f 1732/1732/3 1739/1739/3 1740/1740/3 1733/1733/3
f 1733/1733/3 1740/1740/3 1741/1741/3 1734/1734/3
f 1734/1734/3 1741/1741/3 1742/1742/3 1735/1735/3
f 1735/1735/3 1742/1742/3 1743/1743/3 1736/1736/3
f 1737/1737/3 1744/1744/3 1745/1745/3 1738/1738/3
f 1738/1738/3 1745/1745/3 1746/1746/3 1739/1739/3
f 1739/1739/3 1746/1746/3 1747/1747/3 1740/1740/3
f 1740/1740/3 1747/1747/3 1748/1748/3 1741/1741/3
f 1741/1741/3 1748/1748/3 1749/1749/3 1742/1742/3
f 1742/1742/3 1749/1749/3 1750/1750/3 1743/1743/3
f 1744/1744/3 1751/1751/3 1752/1752/3 1745/1745/3
f 1745/1745/3 1752/1752/3 1753/1753/3 1746/1746/3
f 1746/1746/3 1753/1753/3 1754/1754/3 1747/1747/3
f 1747/1747/3 1754/1754/3 1755/1755/3 1748/1748/3
f 1748/1748/3 1755/1755/3 1756/1756/3 1749/1749/3
f 1749/1749/3 1756/1756/3 1757/1757/3 1750/1750/3
f 1751/1751/3 1758/1758/3 1759/1759/3 1752/1752/3
f 1752/1752/3 1759/1759/3 1760/1760/3 1753/1753/3
f 1753/1753/3 1760/1760/3 1761/1761/3 1754/1754/3
f 1754/1754/3 1761/1761/3 1762/1762/3 1755/1755/3
f 1755/1755/3 1762/1762/3 1763/1763/3 1756/1756/3
f 1756/1756/3 1763/1763/3 1764/1764/3 1757/1757/3
f 1765/1765/5 1766/1766/5 1769/1769/5 1768/1768/5
f 1766/1766/5 1767/1767/5 1770/1770/5 1769/1769/5
f 1768/1768/5 1769/1769/5 1772/1772/5 1771/1771/5
f 1769/1769/5 1770/1770/5 1773/1773/5 1772/1772/5
f 1771/1771/5 1772/1772/5 1775/1775/5 1774/1774/5
f 1772/1772/5 1773/1773/5 1776/1776/5 1775/1775/5
f 1774/1774/5 1775/1775/5 1778/1778/5 1777/1777/5
f 1775/1775/5 1776/1776/5 1779/1779/5 1778/1778/5
f 1777/1777/5 1778/1778/5 1781/1781/5 1780/1780/5
f 1778/1778/5 1779/1779/5 1782/1782/5 1781/1781/5
f 1780/1780/5 1781/1781/5 1784/1784/5 1783/1783/5
f 1781/1781/5 1782/1782/5 1785/1785/5 1784/1784/5
f 1783/1783/5 1784/1784/5 1787/1787/5 1786/1786/5
f 1784/1784/5 1785/1785/5 1788/1788/5 1787/1787/5
f 1786/1786/5 1787/1787/5 1790/1790/5 1789/1789/5
f 1787/1787/5 1788/1788/5 1791/1791/5 1790/1790/5
f 1789/1789/5 1790/1790/5 1793/1793/5 1792/1792/5
f 1790/1790/5 1791/1791/5 1794/1794/5 1793/1793/5
f 1792/1792/5 1793/1793/5 1796/1796/5 1795/1795/5
f 1793/1793/5 1794/1794/5 1797/1797/5 1796/1796/5
f 1795/1795/5 1796/1796/5 1799/1799/5 1798/1798/5
f 1796/1796/5 1797/1797/5 1800/1800/5 1799/1799/5
f 1798/1798/5 1799/1799/5 1802/1802/5 1801/1801/5
f 1799/1799/5 1800/1800/5 1803/1803/5 1802/1802/5
f 1801/1801/5 1802/1802/5 1805/1805/5 1804/1804/5
f 1802/1802/5 1803/1803/5 1806/1806/5 1805/1805/5
f 1804/1804/5 1805/1805/5 1808/1808/5 1807/1807/5
f 1805/1805/5 1806/1806/5 1809/1809/5 1808/1808/5
f 1807/1807/5 1808/1808/5 1811/1811/5 1810/1810/5
f 1808/1808/5 1809/1809/5 1812/1812/5 1811/1811/5
f 1810/1810/5 1811/1811/5 1814/1814/5 1813/1813/5
f 1811/1811/5 1812/1812/5 1815/1815/5 1814/1814/5
f 1813/1813/5 1814/1814/5 1817/1817/5 1816/1816/5
f 1814/1814/5 1815/1815/5 1818/1818/5 1817/1817/5
f 1816/1816/5 1817/1817/5 1820/1820/5 1819/1819/5
f 1817/1817/5 1818/1818/5 1821/1821/5 1820/1820/5
f 1819/1819/5 1820/1820/5 1823/1823/5 1822/1822/5
f 1820/1820/5 1821/1821/5 1824/1824/5 1823/1823/5
f 1822/1822/5 1823/1823/5 1826/1826/5 1825/1825/5
f 1823/1823/5 1824/1824/5 1827/1827/5 1826/1826/5
f 1825/1825/5 1826/1826/5 1829/1829/5 1828/1828/5
f 1826/1826/5 1827/1827/5 1830/1830/5 1829/1829/5
f 1828/1828/5 1829/1829/5 1832/1832/5 1831/1831/5
f 1829/1829/5 1830/1830/5 1833/1833/5 1832/1832/5
f 1831/1831/5 1832/1832/5 1835/1835/5 1834/1834/5
f 1832/1832/5 1833/1833/5 1836/1836/5 1835/1835/5
f 1834/1834/5 1835/1835/5 1838/1838/5 1837/1837/5
f 1835/1835/5 1836/1836/5 1839/1839/5 1838/1838/5
f 1837/1837/5 1838/1838/5 1841/1841/5 1840/1840/5
f 1838/1838/5 1839/1839/5 1842/1842/5 1841/1841/5
f 1840/1840/5 1841/1841/5 1844/1844/5 1843/1843/5
f 1841/1841/5 1842/1842/5 1845/1845/5 1844/1844/5
f 1843/1843/5 1844/1844/5 1847/1847/5 1846/1846/5
f 1844/1844/5 1845/1845/5 1848/1848/5 1847/1847/5
f 1846/1846/5 1847/1847/5 1850/1850/5 1849/1849/5
f 1847/1847/5 1848/1848/5 1851/1851/5 1850/1850/5
f 1849/1849/5 1850/1850/5 1853/1853/5 1852/1852/5
f 1850/1850/5 1851/1851/5 1854/1854/5 1853/1853/5
f 1852/1852/5 1853/1853/5 1856/1856/5 1855/1855/5
f 1853/1853/5 1854/1854/5 1857/1857/5 1856/1856/5
f 1855/1855/5 1856/1856/5 1859/1859/5 1858/1858/5
f 1856/1856/5 1857/1857/5 1860/1860/5 1859/1859/5
f 1858/1858/5 1859/1859/5 1862/1862/5 1861/1861/5
f 1859/1859/5 1860/1860/5 1863/1863/5 1862/1862/5
f 1861/1861/5 1862/1862/5 1865/1865/5 1864/1864/5
f 1862/1862/5 1863/1863/5 1866/1866/5 1865/1865/5
f 1864/1864/5 1865/1865/5 1868/1868/5 1867/1867/5
f 1865/1865/5 1866/1866/5 1869/1869/5 1868/1868/5
f 1867/1867/5 1868/1868/5 1871/1871/5 1870/1870/5
f 1868/1868/5 1869/1869/5 1872/1872/5 1871/1871/5
f 1870/1870/5 1871/1871/5 1874/1874/5 1873/1873/5
f 1871/1871/5 1872/1872/5 1875/1875/5 1874/1874/5
f 1873/1873/5 1874/1874/5 1877/1877/5 1876/1876/5
f 1874/1874/5 1875/1875/5 1878/1878/5 1877/1877/5
f 1876/1876/5 1877/1877/5 1880/1880/5 1879/1879/5
f 1877/1877/5 1878/1878/5 1881/1881/5 1880/1880/5
f 1879/1879/5 1880/1880/5 1883/1883/5 1882/1882/5
f 1880/1880/5 1881/1881/5 1884/1884/5 1883/1883/5
f 1882/1882/5 1883/1883/5 1886/1886/5 1885/1885/5
f 1883/1883/5 1884/1884/5 1887/1887/5 1886/1886/5
f 1885/1885/5 1886/1886/5 1889/1889/5 1888/1888/5
f 1886/1886/5 1887/1887/5 1890/1890/5 1889/1889/5
f 1888/1888/5 1889/1889/5 1892/1892/5 1891/1891/5
f 1889/1889/5 1890/1890/5 1893/1893/5 1892/1892/5
f 1891/1891/5 1892/1892/5 1895/1895/5 1894/1894/5
f 1892/1892/5 1893/1893/5 1896/1896/5 1895/1895/5
f 1894/1894/5 1895/1895/5 1898/1898/5 1897/1897/5
f 1895/1895/5 1896/1896/5 1899/1899/5 1898/1898/5
f 1897/1897/5 1898/1898/5 1901/1901/5 1900/1900/5
f 1898/1898/5 1899/1899/5 1902/1902/5 1901/1901/5
f 1900/1900/5 1901/1901/5 1904/1904/5 1903/1903/5
f 1901/1901/5 1902/1902/5 1905/1905/5 1904/1904/5
f 1903/1903/5 1904/1904/5 1907/1907/5 1906/1906/5
f 1904/1904/5 1905/1905/5 1908/1908/5 1907/1907/5
f 1906/1906/5 1907/1907/5 1910/1910/5 1909/1909/5
f 1907/1907/5 1908/1908/5 1911/1911/5 1910/1910/5
f 1909/1909/5 1910/1910/5 1913/1913/5 1912/1912/5
f 1910/1910/5 1911/1911/5 1914/1914/5 1913/1913/5
f 1912/1912/5 1913/1913/5 1916/1916/5 1915/1915/5
f 1913/1913/5 1914/1914/5 1917/1917/5 1916/1916/5
f 1918/1918/5 1919/1919/5 1924/1924/5 1923/1923/5
f 1919/1919/5 1920/1920/5 1925/1925/5 1924/1924/5
f 1920/1920/5 1921/1921/5 1926/1926/5 1925/1925/5
f 1921/1921/5 1922/1922/5 1927/1927/5 1926/1926/5
f 1923/1923/5 1924/1924/5 1929/1929/5 1928/1928/5
f 1924/1924/5 1925/1925/5 1930/1930/5 1929/1929/5
f 1925/1925/5 1926/1926/5 1931/1931/5 1930/1930/5
f 1926/1926/5 1927/1927/5 1932/1932/5 1931/1931/5
f 1933/1933/5 1934/1934/5 1939/1939/5 1938/1938/5
f 1934/1934/5 1935/1935/5 1940/1940/5 1939/1939/5
f 1935/1935/5 1936/1936/5 1941/1941/5 1940/1940/5
f 1936/1936/5 1937/1937/5 1942/1942/5 1941/1941/5
f 1938/1938/5 1939/1939/5 1944/1944/5 1943/1943/5
f 1939/1939/5 1940/1940/5 1945/1945/5 1944/1944/5
f 1940/1940/5 1941/1941/5 1946/1946/5 1945/1945/5
f 1941/1941/5 1942/1942/5 1947/1947/5 1946/1946/5
f 1948/1948/5 1949/1949/5 1954/1954/5 1953/1953/5
f 1949/1949/5 1950/1950/5 1955/1955/5 1954/1954/5
f 1950/1950/5 1951/1951/5 1956/1956/5 1955/1955/5
f 1951/1951/5 1952/1952/5 1957/1957/5 1956/1956/5
f 1953/1953/5 1954/1954/5 1959/1959/5 1958/1958/5
f 1954/1954/5 1955/1955/5 1960/1960/5 1959/1959/5
f 1955/1955/5 1956/1956/5 1961/1961/5 1960/1960/5
f 1956/1956/5 1957/1957/5 1962/1962/5 1961/1961/5
f 1963/1963/5 1964/1964/5 1969/1969/5 1968/1968/5
f 1964/1964/5 1965/1965/5 1970/1970/5 1969/1969/5
f 1965/1965/5 1966/1966/5 1971/1971/5 1970/1970/5
f 1966/1966/5 1967/1967/5 1972/1972/5 1971/1971/5
f 1968/1968/5 1969/1969/5 1974/1974/5 1973/1973/5
f 1969/1969/5 1970/1970/5 1975/1975/5 1974/1974/5
f 1970/1970/5 1971/1971/5 1976/1976/5 1975/1975/5
f 1971/1971/5 1972/1972/5 1977/1977/5 1976/1976/5
f 1978/1978/5 1979/1979/5 1984/1984/5 1983/1983/5
f 1979/1979/5 1980/1980/5 1985/1985/5 1984/1984/5
f 1980/1980/5 1981/1981/5 1986/1986/5 1985/1985/5
f 1981/1981/5 1982/1982/5 1987/1987/5 1986/1986/5
f 1983/1983/5 1984/1984/5 1989/1989/5 1988/1988/5
f 1984/1984/5 1985/1985/5 1990/1990/5 1989/1989/5
f 1985/1985/5 1986/1986/5 1991/1991/5 1990/1990/5
f 1986/1986/5 1987/1987/5 1992/1992/5 1991/1991/5
f 1993/1993/5 1994/1994/5 1999/1999/5 1998/1998/5
f 1994/1994/5 1995/1995/5 2000/2000/5 1999/1999/5
f 1995/1995/5 1996/1996/5 2001/2001/5 2000/2000/5
f 1996/1996/5 1997/1997/5 2002/2002/5 2001/2001/5
f 1998/1998/5 1999/1999/5 2004/2004/5 2003/2003/5
f 1999/1999/5 2000/2000/5 2005/2005/5 2004/2004/5
f 2000/2000/5 2001/2001/5 2006/2006/5 2005/2005/5
f 2001/2001/5 2002/2002/5 2007/2007/5 2006/2006/5
f 2008/2008/5 2009/2009/5 2014/2014/5 2013/2013/5
f 2009/2009/5 2010/2010/5 2015/2015/5 2014/2014/5
f 2010/2010/5 2011/2011/5 2016/2016/5 2015/2015/5
f 2011/2011/5 2012/2012/5 2017/2017/5 2016/2016/5
f 2013/2013/5 2014/2014/5 2019/2019/5 2018/2018/5
f 2014/2014/5 2015/2015/5 2020/2020/5 2019/2019/5
f 2015/2015/5 2016/2016/5 2021/2021/5 2020/2020/5
f 2016/2016/5 2017/2017/5 2022/2022/5 2021/2021/5
f 2023/2023/5 2024/2024/5 2029/2029/5 2028/2028/5
f 2024/2024/5 2025/2025/5 2030/2030/5 2029/2029/5
f 2025/2025/5 2026/2026/5 2031/2031/5 2030/2030/5
f 2026/2026/5 2027/2027/5 2032/2032/5 2031/2031/5
f 2028/2028/5 2029/2029/5 2034/2034/5 2033/2033/5
f 2029/2029/5 2030/2030/5 2035/2035/5 2034/2034/5
f 2030/2030/5 2031/2031/5 2036/2036/5 2035/2035/5
f 2031/2031/5 2032/2032/5 2037/2037/5 2036/2036/5
f 2038/2038/5 2039/2039/5 2044/2044/5 2043/2043/5
f 2039/2039/5 2040/2040/5 2045/2045/5 2044/2044/5
f 2040/2040/5 2041/2041/5 2046/2046/5 2045/2045/5
f 2041/2041/5 2042/2042/5 2047/2047/5 2046/2046/5
f 2043/2043/5 2044/2044/5 2049/2049/5 2048/2048/5
f 2044/2044/5 2045/2045/5 2050/2050/5 2049/2049/5
f 2045/2045/5 2046/2046/5 2051/2051/5 2050/2050/5
f 2046/2046/5 2047/2047/5 2052/2052/5 2051/2051/5
f 2053/2053/5 2054/2054/5 2059/2059/5 2058/2058/5
f 2054/2054/5 2055/2055/5 2060/2060/5 2059/2059/5
f 2055/2055/5 2056/2056/5 2061/2061/5 2060/2060/5
f 2056/2056/5 2057/2057/5 2062/2062/5 2061/2061/5
f 2058/2058/5 2059/2059/5 2064/2064/5 2063/2063/5
f 2059/2059/5 2060/2060/5 2065/2065/5 2064/2064/5
f 2060/2060/5 2061/2061/5 2066/2066/5 2065/2065/5
f 2061/2061/5 2062/2062/5 2067/2067/5 2066/2066/5
f 2068/2068/5 2069/2069/5 2074/2074/5 2073/2073/5
f 2069/2069/5 2070/2070/5 2075/2075/5 2074/2074/5
f 2070/2070/5 2071/2071/5 2076/2076/5 2075/2075/5
f 2071/2071/5 2072/2072/5 2077/2077/5 2076/2076/5
f 2073/2073/5 2074/2074/5 2079/2079/5 2078/2078/5
f 2074/2074/5 2075/2075/5 2080/2080/5 2079/2079/5
f 2075/2075/5 2076/2076/5 2081/2081/5 2080/2080/5
f 2076/2076/5 2077/2077/5 2082/2082/5 2081/2081/5
f 2083/2083/5 2084/2084/5 2089/2089/5 2088/2088/5
f 2084/2084/5 2085/2085/5 2090/2090/5 2089/2089/5
f 2085/2085/5 2086/2086/5 2091/2091/5 2090/2090/5
f 2086/2086/5 2087/2087/5 2092/2092/5 2091/2091/5
f 2088/2088/5 2089/2089/5 2094/2094/5 2093/2093/5
f 2089/2089/5 2090/2090/5 2095/2095/5 2094/2094/5
f 2090/2090/5 2091/2091/5 2096/2096/5 2095/2095/5
f 2091/2091/5 2092/2092/5 2097/2097/5 2096/2096/5
f 2098/2098/6 2101/2101/6 2102/2102/6 2099/2099/6
f 2099/2099/6 2102/2102/6 2103/2103/6 2100/2100/6
f 2101/2101/6 2104/2104/6 2105/2105/6 2102/2102/6
f 2102/2102/6 2105/2105/6 2106/2106/6 2103/2103/6
f 2104/2104/6 2107/2107/6 2108/2108/6 2105/2105/6
f 2105/2105/6 2108/2108/6 2109/2109/6 2106/2106/6
f 2107/2107/6 2110/2110/6 2111/2111/6 2108/2108/6
f 2108/2108/6 2111/2111/6 2112/2112/6 2109/2109/6
f 2110/2110/6 2113/2113/6 2114/2114/6 2111/2111/6
f 2111/2111/6 2114/2114/6 2115/2115/6 2112/2112/6
f 2113/2113/6 2116/2116/6 2117/2117/6 2114/2114/6
f 2114/2114/6 2117/2117/6 2118/2118/6 2115/2115/6
f 2116/2116/6 2119/2119/6 2120/2120/6 2117/2117/6
f 2117/2117/6 2120/2120/6 2121/2121/6 2118/2118/6
f 2119/2119/6 2122/2122/6 2123/2123/6 2120/2120/6
f 2120/2120/6 2123/2123/6 2124/2124/6 2121/2121/6
f 2122/2122/6 2125/2125/6 2126/2126/6 2123/2123/6
f 2123/2123/6 2126/2126/6 2127/2127/6 2124/2124/6
f 2125/2125/6 2128/2128/6 2129/2129/6 2126/2126/6
f 2126/2126/6 2129/2129/6 2130/2130/6 2127/2127/6
f 2128/2128/6 2131/2131/6 2132/2132/6 2129/2129/6
f 2129/2129/6 2132/2132/6 2133/2133/6 2130/2130/6
f 2131/2131/6 2134/2134/6 2135/2135/6 2132/2132/6
f 2132/2132/6 2135/2135/6 2136/2136/6 2133/2133/6
f 2134/2134/6 2137/2137/6 2138/2138/6 2135/2135/6
f 2135/2135/6 2138/2138/6 2139/2139/6 2136/2136/6
f 2137/2137/6 2140/2140/6 2141/2141/6 2138/2138/6
f 2138/2138/6 2141/2141/6 2142/2142/6 2139/2139/6
f 2140/2140/6 2143/2143/6 2144/2144/6 2141/2141/6
f 2141/2141/6 2144/2144/6 2145/2145/6 2142/2142/6
f 2143/2143/6 2146/2146/6 2147/2147/6 2144/2144/6
f 2144/2144/6 2147/2147/6 2148/2148/6 2145/2145/6
f 2146/2146/6 2149/2149/6 2150/2150/6 2147/2147/6
f 2147/2147/6 2150/2150/6 2151/2151/6 2148/2148/6
f 2149/2149/6 2152/2152/6 2153/2153/6 2150/2150/6
f 2150/2150/6 2153/2153/6 2154/2154/6 2151/2151/6
f 2152/2152/6 2155/2155/6 2156/2156/6 2153/2153/6
f 2153/2153/6 2156/2156/6 2157/2157/6 2154/2154/6
f 2155/2155/6 2158/2158/6 2159/2159/6 2156/2156/6
f 2156/2156/6 2159/2159/6 2160/2160/6 2157/2157/6
f 2158/2158/6 2161/2161/6 2162/2162/6 2159/2159/6
f 2159/2159/6 2162/2162/6 2163/2163/6 2160/2160/6
f 2161/2161/6 2164/2164/6 2165/2165/6 2162/2162/6
f 2162/2162/6 2165/2165/6 2166/2166/6 2163/2163/6
f 2164/2164/6 2167/2167/6 2168/2168/6 2165/2165/6
f 2165/2165/6 2168/2168/6 2169/2169/6 2166/2166/6
f 2167/2167/6 2170/2170/6 2171/2171/6 2168/2168/6
f 2168/2168/6 2171/2171/6 2172/2172/6 2169/2169/6
f 2170/2170/6 2173/2173/6 2174/2174/6 2171/2171/6
f 2171/2171/6 2174/2174/6 2175/2175/6 2172/2172/6
f 2173/2173/6 2176/2176/6 2177/2177/6 2174/2174/6
f 2174/2174/6 2177/2177/6 2178/2178/6 2175/2175/6
f 2176/2176/6 2179/2179/6 2180/2180/6 2177/2177/6
f 2177/2177/6 2180/2180/6 2181/2181/6 2178/2178/6
f 2179/2179/6 2182/2182/6 2183/2183/6 2180/2180/6
f 2180/2180/6 2183/2183/6 2184/2184/6 2181/2181/6
f 2182/2182/6 2185/2185/6 2186/2186/6 2183/2183/6
f 2183/2183/6 2186/2186/6 2187/2187/6 2184/2184/6
f 2185/2185/6 2188/2188/6 2189/2189/6 2186/2186/6
f 2186/2186/6 2189/2189/6 2190/2190/6 2187/2187/6
f 2188/2188/6 2191/2191/6 2192/2192/6 2189/2189/6
f 2189/2189/6 2192/2192/6 2193/2193/6 2190/2190/6
f 2191/2191/6 2194/2194/6 2195/2195/6 2192/2192/6
f 2192/2192/6 2195/2195/6 2196/2196/6 2193/2193/6
f 2194/2194/6 2197/2197/6 2198/2198/6 2195/2195/6
f 2195/2195/6 2198/2198/6 2199/2199/6 2196/2196/6
f 2197/2197/6 2200/2200/6 2201/2201/6 2198/2198/6
f 2198/2198/6 2201/2201/6 2202/2202/6 2199/2199/6
f 2200/2200/6 2203/2203/6 2204/2204/6 2201/2201/6
f 2201/2201/6 2204/2204/6 2205/2205/6 2202/2202/6
f 2203/2203/6 2206/2206/6 2207/2207/6 2204/2204/6
f 2204/2204/6 2207/2207/6 2208/2208/6 2205/2205/6
f 2206/2206/6 2209/2209/6 2210/2210/6 2207/2207/6
f 2207/2207/6 2210/2210/6 2211/2211/6 2208/2208/6
f 2209/2209/6 2212/2212/6 2213/2213/6 2210/2210/6
f 2210/2210/6 2213/2213/6 2214/2214/6 2211/2211/6
f 2212/2212/6 2215/2215/6 2216/2216/6 2213/2213/6
f 2213/2213/6 2216/2216/6 2217/2217/6 2214/2214/6
f 2215/2215/6 2218/2218/6 2219/2219/6 2216/2216/6
f 2216/2216/6 2219/2219/6 2220/2220/6 2217/2217/6
f 2218/2218/6 2221/2221/6 2222/2222/6 2219/2219/6
f 2219/2219/6 2222/2222/6 2223/2223/6 2220/2220/6
f 2221/2221/6 2224/2224/6 2225/2225/6 2222/2222/6
f 2222/2222/6 2225/2225/6 2226/2226/6 2223/2223/6
f 2224/2224/6 2227/2227/6 2228/2228/6 2225/2225/6
f 2225/2225/6 2228/2228/6 2229/2229/6 2226/2226/6
f 2227/2227/6 2230/2230/6 2231/2231/6 2228/2228/6
f 2228/2228/6 2231/2231/6 2232/2232/6 2229/2229/6
f 2230/2230/6 2233/2233/6 2234/2234/6 2231/2231/6
f 2231/2231/6 2234/2234/6 2235/2235/6 2232/2232/6
f 2233/2233/6 2236/2236/6 2237/2237/6 2234/2234/6
f 2234/2234/6 2237/2237/6 2238/2238/6 2235/2235/6
f 2236/2236/6 2239/2239/6 2240/2240/6 2237/2237/6
f 2237/2237/6 2240/2240/6 2241/2241/6 2238/2238/6
f 2239/2239/6 2242/2242/6 2243/2243/6 2240/2240/6
f 2240/2240/6 2243/2243/6 2244/2244/6 2241/2241/6
f 2242/2242/6 2245/2245/6 2246/2246/6 2243/2243/6
f 2243/2243/6 2246/2246/6 2247/2247/6 2244/2244/6
f 2245/2245/6 2248/2248/6 2249/2249/6 2246/2246/6
f 2246/2246/6 2249/2249/6 2250/2250/6 2247/2247/6
f 2251/2251/6 2256/2256/6 2257/2257/6 2252/2252/6
f 2252/2252/6 2257/2257/6 2258/2258/6 2253/2253/6
f 2253/2253/6 2258/2258/6 2259/2259/6 2254/2254/6
f 2254/2254/6 2259/2259/6 2260/2260/6 2255/2255/6
f 2256/2256/6 2261/2261/6 2262/2262/6 2257/2257/6
f 2257/2257/6 2262/2262/6 2263/2263/6 2258/2258/6
f 2258/2258/6 2263/2263/6 2264/2264/6 2259/2259/6
f 2259/2259/6 2264/2264/6 2265/2265/6 2260/2260/6
f 2266/2266/6 2271/2271/6 2272/2272/6 2267/2267/6
f 2267/2267/6 2272/2272/6 2273/2273/6 2268/2268/6
f 2268/2268/6 2273/2273/6 2274/2274/6 2269/2269/6
f 2269/2269/6 2274/2274/6 2275/2275/6 2270/2270/6
f 2271/2271/6 2276/2276/6 2277/2277/6 2272/2272/6
f 2272/2272/6 2277/2277/6 2278/2278/6 2273/2273/6
f 2273/2273/6 2278/2278/6 2279/2279/6 2274/2274/6
f 2274/2274/6 2279/2279/6 2280/2280/6 2275/2275/6
f 2281/2281/6 2286/2286/6 2287/2287/6 2282/2282/6
f 2282/2282/6 2287/2287/6 2288/2288/6 2283/2283/6
f 2283/2283/6 2288/2288/6 2289/2289/6 2284/2284/6
f 2284/2284/6 2289/2289/6 2290/2290/6 2285/2285/6
f 2286/2286/6 2291/2291/6 2292/2292/6 2287/2287/6
f 2287/2287/6 2292/2292/6 2293/2293/6 2288/2288/6
f 2288/2288/6 2293/2293/6 2294/2294/6 2289/2289/6
f 2289/2289/6 2294/2294/6 2295/2295/6 2290/2290/6
f 2296/2296/6 2301/2301/6 2302/2302/6 2297/2297/6
f 2297/2297/6 2302/2302/6 2303/2303/6 2298/2298/6
f 2298/2298/6 2303/2303/6 2304/2304/6 2299/2299/6
f 2299/2299/6 2304/2304/6 2305/2305/6 2300/2300/6
f 2301/2301/6 2306/2306/6 2307/2307/6 2302/2302/6
f 2302/2302/6 2307/2307/6 2308/2308/6 2303/2303/6
f 2303/2303/6 2308/2308/6 2309/2309/6 2304/2304/6
f 2304/2304/6 2309/2309/6 2310/2310/6 2305/2305/6
f 2311/2311/6 2316/2316/6 2317/2317/6 2312/2312/6
f 2312/2312/6 2317/2317/6 2318/2318/6 2313/2313/6
f 2313/2313/6 2318/2318/6 2319/2319/6 2314/2314/6
f 2314/2314/6 2319/2319/6 2320/2320/6 2315/2315/6
f 2316/2316/6 2321/2321/6 2322/2322/6 2317/2317/6
f 2317/2317/6 2322/2322/6 2323/2323/6 2318/2318/6
f 2318/2318/6 2323/2323/6 2324/2324/6 2319/2319/6
f 2319/2319/6 2324/2324/6 2325/2325/6 2320/2320/6
f 2326/2326/6 2331/2331/6 2332/2332/6 2327/2327/6
f 2327/2327/6 2332/2332/6 2333/2333/6 2328/2328/6
f 2328/2328/6 2333/2333/6 2334/2334/6 2329/2329/6
f 2329/2329/6 2334/2334/6 2335/2335/6 2330/2330/6
f 2331/2331/6 2336/2336/6 2337/2337/6 2332/2332/6
f 2332/2332/6 2337/2337/6 2338/2338/6 2333/2333/6
f 2333/2333/6 2338/2338/6 2339/2339/6 2334/2334/6
f 2334/2334/6 2339/2339/6 2340/2340/6 2335/2335/6
f 2341/2341/6 2346/2346/6 2347/2347/6 2342/2342/6
f 2342/2342/6 2347/2347/6 2348/2348/6 2343/2343/6
f 2343/2343/6 2348/2348/6 2349/2349/6 2344/2344/6
f 2344/2344/6 2349/2349/6 2350/2350/6 2345/2345/6
f 2346/2346/6 2351/2351/6 2352/2352/6 2347/2347/6
f 2347/2347/6 2352/2352/6 2353/2353/6 2348/2348/6
f 2348/2348/6 2353/2353/6 2354/2354/6 2349/2349/6
f 2349/2349/6 2354/2354/6 2355/2355/6 2350/2350/6
f 2356/2356/6 2361/2361/6 2362/2362/6 2357/2357/6
f 2357/2357/6 2362/2362/6 2363/2363/6 2358/2358/6
f 2358/2358/6 2363/2363/6 2364/2364/6 2359/2359/6
f 2359/2359/6 2364/2364/6 2365/2365/6 2360/2360/6
f 2361/2361/6 2366/2366/6 2367/2367/6 2362/2362/6
f 2362/2362/6 2367/2367/6 2368/2368/6 2363/2363/6
f 2363/2363/6 2368/2368/6 2369/2369/6 2364/2364/6
f 2364/2364/6 2369/2369/6 2370/2370/6 2365/2365/6
f 2371/2371/6 2376/2376/6 2377/2377/6 2372/2372/6
f 2372/2372/6 2377/2377/6 2378/2378/6 2373/2373/6
f 2373/2373/6 2378/2378/6 2379/2379/6 2374/2374/6
f 2374/2374/6 2379/2379/6 2380/2380/6 2375/2375/6
f 2376/2376/6 2381/2381/6 2382/2382/6 2377/2377/6
f 2377/2377/6 2382/2382/6 2383/2383/6 2378/2378/6
f 2378/2378/6 2383/2383/6 2384/2384/6 2379/2379/6
f 2379/2379/6 2384/2384/6 2385/2385/6 2380/2380/6
f 2386/2386/6 2391/2391/6 2392/2392/6 2387/2387/6
f 2387/2387/6 2392/2392/6 2393/2393/6 2388/2388/6
f 2388/2388/6 2393/2393/6 2394/2394/6 2389/2389/6
f 2389/2389/6 2394/2394/6 2395/2395/6 2390/2390/6
f 2391/2391/6 2396/2396/6 2397/2397/6 2392/2392/6
f 2392/2392/6 2397/2397/6 2398/2398/6 2393/2393/6
f 2393/2393/6 2398/2398/6 2399/2399/6 2394/2394/6
f 2394/2394/6 2399/2399/6 2400/2400/6 2395/2395/6
f 2401/2401/6 2406/2406/6 2407/2407/6 2402/2402/6
f 2402/2402/6 2407/2407/6 2408/2408/6 2403/2403/6
f 2403/2403/6 2408/2408/6 2409/2409/6 2404/2404/6
f 2404/2404/6 2409/2409/6 2410/2410/6 2405/2405/6
f 2406/2406/6 2411/2411/6 2412/2412/6 2407/2407/6
f 2407/2407/6 2412/2412/6 2413/2413/6 2408/2408/6
f 2408/2408/6 2413/2413/6 2414/2414/6 2409/2409/6
f 2409/2409/6 2414/2414/6 2415/2415/6 2410/2410/6
f 2416/2416/6 2421/2421/6 2422/2422/6 2417/2417/6
f 2417/2417/6 2422/2422/6 2423/2423/6 2418/2418/6
f 2418/2418/6 2423/2423/6 2424/2424/6 2419/2419/6
f 2419/2419/6 2424/2424/6 2425/2425/6 2420/2420/6
f 2421/2421/6 2426/2426/6 2427/2427/6 2422/2422/6
f 2422/2422/6 2427/2427/6 2428/2428/6 2423/2423/6
f 2423/2423/6 2428/2428/6 2429/2429/6 2424/2424/6
f 2424/2424/6 2429/2429/6 2430/2430/6 2425/2425/6
